,datetime,instrument,score,exp_name,rid,weight,real_label,error,abs_error
0,2026-08-03,SH600000,-0.007436911488621887,EXP_LGBModel_Alpha158_csi300_custom_step0_s_20260803_17,facf590cdc1c49f19bc735b2898efca7,0.507,,,
1,2026-08-03,SH601117,0.01830008843269649,EXP_DEnsembleModel_Alpha158_csi300_custom_step0_s_20260803_15,5000e8cc2a094f14adeb6094093ef883,0.493,,,
2,2026-08-03,SH601127,-0.13339798177289455,EXP_DEnsembleModel_Alpha158_csi300_custom_step0_s_20260803_15,5000e8cc2a094f14adeb6094093ef883,0.493,,,
3,2026-08-03,SH601136,0.013637523661405353,EXP_DEnsembleModel_Alpha158_csi300_custom_step0_s_20260803_15,5000e8cc2a094f14adeb6094093ef883,0.493,,,
4,2026-08-03,SH601138,0.05848137310073246,EXP_DEnsembleModel_Alpha158_csi300_custom_step0_s_20260803_15,5000e8cc2a094f14adeb6094093ef883,0.493,,,
5,2026-08-03,SH601166,-0.0015654769945390096,EXP_DEnsembleModel_Alpha158_csi300_custom_step0_s_20260803_15,5000e8cc2a094f14adeb6094093ef883,0.493,,,
6,2026-08-03,SH601169,0.11905466189440357,EXP_DEnsembleModel_Alpha158_csi300_custom_step0_s_20260803_15,5000e8cc2a094f14adeb6094093ef883,0.493,,,
7,2026-08-03,SH601111,0.03051168346184616,EXP_DEnsembleModel_Alpha158_csi300_custom_step0_s_20260803_15,5000e8cc2a094f14adeb6094093ef883,0.493,,,
8,2026-08-03,SH601186,0.048317735047612,EXP_DEnsembleModel_Alpha158_csi300_custom_step0_s_20260803_15,5000e8cc2a094f14adeb6094093ef883,0.493,,,
9,2026-08-03,SH601225,0.01858609091743292,EXP_DEnsembleModel_Alpha158_csi300_custom_step0_s_20260803_15,5000e8cc2a094f14adeb6094093ef883,0.493,,,
10,2026-08-03,SH601229,0.12613687586530353,EXP_DEnsembleModel_Alpha158_csi300_custom_step0_s_20260803_15,5000e8cc2a094f14adeb6094093ef883,0.493,,,
11,2026-08-03,SH601238,-0.04879423148155753,EXP_DEnsembleModel_Alpha158_csi300_custom_step0_s_20260803_15,5000e8cc2a094f14adeb6094093ef883,0.493,,,
12,2026-08-03,SH601288,0.04647749585930372,EXP_DEnsembleModel_Alpha158_csi300_custom_step0_s_20260803_15,5000e8cc2a094f14adeb6094093ef883,0.493,,,
13,2026-08-03,SH601318,-0.03163153420226047,EXP_DEnsembleModel_Alpha158_csi300_custom_step0_s_20260803_15,5000e8cc2a094f14adeb6094093ef883,0.493,,,
14,2026-08-03,SH601319,0.06715098380734669,EXP_DEnsembleModel_Alpha158_csi300_custom_step0_s_20260803_15,5000e8cc2a094f14adeb6094093ef883,0.493,,,
15,2026-08-03,SH601211,0.07633697877056651,EXP_DEnsembleModel_Alpha158_csi300_custom_step0_s_20260803_15,5000e8cc2a094f14adeb6094093ef883,0.493,,,
16,2026-08-03,SH601100,-0.08522166305312595,EXP_DEnsembleModel_Alpha158_csi300_custom_step0_s_20260803_15,5000e8cc2a094f14adeb6094093ef883,0.493,,,
17,2026-08-03,SH601088,0.05638232678623327,EXP_DEnsembleModel_Alpha158_csi300_custom_step0_s_20260803_15,5000e8cc2a094f14adeb6094093ef883,0.493,,,
18,2026-08-03,SH601077,-0.0455574412590272,EXP_DEnsembleModel_Alpha158_csi300_custom_step0_s_20260803_15,5000e8cc2a094f14adeb6094093ef883,0.493,,,
19,2026-08-03,SH600926,0.037302777886597846,EXP_DEnsembleModel_Alpha158_csi300_custom_step0_s_20260803_15,5000e8cc2a094f14adeb6094093ef883,0.493,,,
20,2026-08-03,SH600930,0.03208320370661511,EXP_DEnsembleModel_Alpha158_csi300_custom_step0_s_20260803_15,5000e8cc2a094f14adeb6094093ef883,0.493,,,
21,2026-08-03,SH600938,-0.04617624867895869,EXP_DEnsembleModel_Alpha158_csi300_custom_step0_s_20260803_15,5000e8cc2a094f14adeb6094093ef883,0.493,,,
22,2026-08-03,SH600941,0.03299110316856234,EXP_DEnsembleModel_Alpha158_csi300_custom_step0_s_20260803_15,5000e8cc2a094f14adeb6094093ef883,0.493,,,
23,2026-08-03,SH600958,0.07291626918633881,EXP_DEnsembleModel_Alpha158_csi300_custom_step0_s_20260803_15,5000e8cc2a094f14adeb6094093ef883,0.493,,,
24,2026-08-03,SH600989,-0.02678538849818729,EXP_DEnsembleModel_Alpha158_csi300_custom_step0_s_20260803_15,5000e8cc2a094f14adeb6094093ef883,0.493,,,
25,2026-08-03,SH600999,-0.006513564428181411,EXP_DEnsembleModel_Alpha158_csi300_custom_step0_s_20260803_15,5000e8cc2a094f14adeb6094093ef883,0.493,,,
26,2026-08-03,SH601006,0.07260662672158998,EXP_DEnsembleModel_Alpha158_csi300_custom_step0_s_20260803_15,5000e8cc2a094f14adeb6094093ef883,0.493,,,
27,2026-08-03,SH601009,0.09179669999316104,EXP_DEnsembleModel_Alpha158_csi300_custom_step0_s_20260803_15,5000e8cc2a094f14adeb6094093ef883,0.493,,,
28,2026-08-03,SH601012,0.0008959213848350915,EXP_DEnsembleModel_Alpha158_csi300_custom_step0_s_20260803_15,5000e8cc2a094f14adeb6094093ef883,0.493,,,
29,2026-08-03,SH601018,0.10701890992000458,EXP_DEnsembleModel_Alpha158_csi300_custom_step0_s_20260803_15,5000e8cc2a094f14adeb6094093ef883,0.493,,,
30,2026-08-03,SH601021,0.06887013771061413,EXP_DEnsembleModel_Alpha158_csi300_custom_step0_s_20260803_15,5000e8cc2a094f14adeb6094093ef883,0.493,,,
31,2026-08-03,SH601058,-0.037044174320112214,EXP_DEnsembleModel_Alpha158_csi300_custom_step0_s_20260803_15,5000e8cc2a094f14adeb6094093ef883,0.493,,,
32,2026-08-03,SH601059,0.0802056652749089,EXP_DEnsembleModel_Alpha158_csi300_custom_step0_s_20260803_15,5000e8cc2a094f14adeb6094093ef883,0.493,,,
33,2026-08-03,SH601066,-0.03389396149753363,EXP_DEnsembleModel_Alpha158_csi300_custom_step0_s_20260803_15,5000e8cc2a094f14adeb6094093ef883,0.493,,,
34,2026-08-03,SH601328,0.006512525242282192,EXP_DEnsembleModel_Alpha158_csi300_custom_step0_s_20260803_15,5000e8cc2a094f14adeb6094093ef883,0.493,,,
35,2026-08-03,SH601336,0.014036185235325968,EXP_DEnsembleModel_Alpha158_csi300_custom_step0_s_20260803_15,5000e8cc2a094f14adeb6094093ef883,0.493,,,
36,2026-08-03,SH601360,0.00877331827759482,EXP_DEnsembleModel_Alpha158_csi300_custom_step0_s_20260803_15,5000e8cc2a094f14adeb6094093ef883,0.493,,,
37,2026-08-03,SH601377,0.0931068245916238,EXP_DEnsembleModel_Alpha158_csi300_custom_step0_s_20260803_15,5000e8cc2a094f14adeb6094093ef883,0.493,,,
38,2026-08-03,SH601800,0.06146054702785305,EXP_DEnsembleModel_Alpha158_csi300_custom_step0_s_20260803_15,5000e8cc2a094f14adeb6094093ef883,0.493,,,
39,2026-08-03,SH601816,0.04060866775589204,EXP_DEnsembleModel_Alpha158_csi300_custom_step0_s_20260803_15,5000e8cc2a094f14adeb6094093ef883,0.493,,,
40,2026-08-03,SH601818,0.1454168694433695,EXP_DEnsembleModel_Alpha158_csi300_custom_step0_s_20260803_15,5000e8cc2a094f14adeb6094093ef883,0.493,,,
41,2026-08-03,SH601825,0.026373636532285662,EXP_DEnsembleModel_Alpha158_csi300_custom_step0_s_20260803_15,5000e8cc2a094f14adeb6094093ef883,0.493,,,
42,2026-08-03,SH601838,0.11792302963832994,EXP_DEnsembleModel_Alpha158_csi300_custom_step0_s_20260803_15,5000e8cc2a094f14adeb6094093ef883,0.493,,,
43,2026-08-03,SH601857,-0.005903430767492403,EXP_DEnsembleModel_Alpha158_csi300_custom_step0_s_20260803_15,5000e8cc2a094f14adeb6094093ef883,0.493,,,
44,2026-08-03,SH601868,0.07331567133872642,EXP_DEnsembleModel_Alpha158_csi300_custom_step0_s_20260803_15,5000e8cc2a094f14adeb6094093ef883,0.493,,,
45,2026-08-03,SH601872,-0.027769035620446938,EXP_DEnsembleModel_Alpha158_csi300_custom_step0_s_20260803_15,5000e8cc2a094f14adeb6094093ef883,0.493,,,
46,2026-08-03,SH601877,0.022740095477618245,EXP_DEnsembleModel_Alpha158_csi300_custom_step0_s_20260803_15,5000e8cc2a094f14adeb6094093ef883,0.493,,,
47,2026-08-03,SH601878,0.03880137278767831,EXP_DEnsembleModel_Alpha158_csi300_custom_step0_s_20260803_15,5000e8cc2a094f14adeb6094093ef883,0.493,,,
48,2026-08-03,SH601881,0.04920468961823146,EXP_DEnsembleModel_Alpha158_csi300_custom_step0_s_20260803_15,5000e8cc2a094f14adeb6094093ef883,0.493,,,
49,2026-08-03,SH601888,-0.10057038969911242,EXP_DEnsembleModel_Alpha158_csi300_custom_step0_s_20260803_15,5000e8cc2a094f14adeb6094093ef883,0.493,,,
50,2026-08-03,SH601898,0.017358977469208402,EXP_DEnsembleModel_Alpha158_csi300_custom_step0_s_20260803_15,5000e8cc2a094f14adeb6094093ef883,0.493,,,
51,2026-08-03,SH601899,-0.049141716959847356,EXP_DEnsembleModel_Alpha158_csi300_custom_step0_s_20260803_15,5000e8cc2a094f14adeb6094093ef883,0.493,,,
52,2026-08-03,SH601901,0.02392077360105766,EXP_DEnsembleModel_Alpha158_csi300_custom_step0_s_20260803_15,5000e8cc2a094f14adeb6094093ef883,0.493,,,
53,2026-08-03,SH601788,0.0237254820665543,EXP_DEnsembleModel_Alpha158_csi300_custom_step0_s_20260803_15,5000e8cc2a094f14adeb6094093ef883,0.493,,,
54,2026-08-03,SH600919,0.145380816194508,EXP_DEnsembleModel_Alpha158_csi300_custom_step0_s_20260803_15,5000e8cc2a094f14adeb6094093ef883,0.493,,,
55,2026-08-03,SH601766,0.04973457165493439,EXP_DEnsembleModel_Alpha158_csi300_custom_step0_s_20260803_15,5000e8cc2a094f14adeb6094093ef883,0.493,,,
56,2026-08-03,SH601727,0.0359793702298241,EXP_DEnsembleModel_Alpha158_csi300_custom_step0_s_20260803_15,5000e8cc2a094f14adeb6094093ef883,0.493,,,
57,2026-08-03,SH601390,0.04029826558610288,EXP_DEnsembleModel_Alpha158_csi300_custom_step0_s_20260803_15,5000e8cc2a094f14adeb6094093ef883,0.493,,,
58,2026-08-03,SH601398,0.06267908711525075,EXP_DEnsembleModel_Alpha158_csi300_custom_step0_s_20260803_15,5000e8cc2a094f14adeb6094093ef883,0.493,,,
59,2026-08-03,SH601456,0.04545991077167923,EXP_DEnsembleModel_Alpha158_csi300_custom_step0_s_20260803_15,5000e8cc2a094f14adeb6094093ef883,0.493,,,
60,2026-08-03,SH601600,0.04628003266542473,EXP_DEnsembleModel_Alpha158_csi300_custom_step0_s_20260803_15,5000e8cc2a094f14adeb6094093ef883,0.493,,,
61,2026-08-03,SH601601,-0.033457095184092234,EXP_DEnsembleModel_Alpha158_csi300_custom_step0_s_20260803_15,5000e8cc2a094f14adeb6094093ef883,0.493,,,
62,2026-08-03,SH601607,0.05573382282818795,EXP_DEnsembleModel_Alpha158_csi300_custom_step0_s_20260803_15,5000e8cc2a094f14adeb6094093ef883,0.493,,,
63,2026-08-03,SH601618,0.07579382811542684,EXP_DEnsembleModel_Alpha158_csi300_custom_step0_s_20260803_15,5000e8cc2a094f14adeb6094093ef883,0.493,,,
64,2026-08-03,SH601628,0.0638601061397322,EXP_DEnsembleModel_Alpha158_csi300_custom_step0_s_20260803_15,5000e8cc2a094f14adeb6094093ef883,0.493,,,
65,2026-08-03,SH601633,-0.04122812050006337,EXP_DEnsembleModel_Alpha158_csi300_custom_step0_s_20260803_15,5000e8cc2a094f14adeb6094093ef883,0.493,,,
66,2026-08-03,SH601658,0.13960616537478623,EXP_DEnsembleModel_Alpha158_csi300_custom_step0_s_20260803_15,5000e8cc2a094f14adeb6094093ef883,0.493,,,
67,2026-08-03,SH601668,0.042738076854700324,EXP_DEnsembleModel_Alpha158_csi300_custom_step0_s_20260803_15,5000e8cc2a094f14adeb6094093ef883,0.493,,,
68,2026-08-03,SH601669,0.08256399422219543,EXP_DEnsembleModel_Alpha158_csi300_custom_step0_s_20260803_15,5000e8cc2a094f14adeb6094093ef883,0.493,,,
69,2026-08-03,SH601688,0.016072612441751837,EXP_DEnsembleModel_Alpha158_csi300_custom_step0_s_20260803_15,5000e8cc2a094f14adeb6094093ef883,0.493,,,
70,2026-08-03,SH601689,0.09120038315367128,EXP_DEnsembleModel_Alpha158_csi300_custom_step0_s_20260803_15,5000e8cc2a094f14adeb6094093ef883,0.493,,,
71,2026-08-03,SH601698,0.0681507539106793,EXP_DEnsembleModel_Alpha158_csi300_custom_step0_s_20260803_15,5000e8cc2a094f14adeb6094093ef883,0.493,,,
72,2026-08-03,SH601728,-0.09878181485135205,EXP_DEnsembleModel_Alpha158_csi300_custom_step0_s_20260803_15,5000e8cc2a094f14adeb6094093ef883,0.493,,,
73,2026-08-03,SH601916,0.10698630272508629,EXP_DEnsembleModel_Alpha158_csi300_custom_step0_s_20260803_15,5000e8cc2a094f14adeb6094093ef883,0.493,,,
74,2026-08-03,SH600918,-0.016871734186203056,EXP_DEnsembleModel_Alpha158_csi300_custom_step0_s_20260803_15,5000e8cc2a094f14adeb6094093ef883,0.493,,,
75,2026-08-03,SH600900,0.018685505932289747,EXP_DEnsembleModel_Alpha158_csi300_custom_step0_s_20260803_15,5000e8cc2a094f14adeb6094093ef883,0.493,,,
76,2026-08-03,SH600066,-0.08498853732580068,EXP_DEnsembleModel_Alpha158_csi300_custom_step0_s_20260803_15,5000e8cc2a094f14adeb6094093ef883,0.493,,,
77,2026-08-03,SH600085,-0.034679941057396184,EXP_DEnsembleModel_Alpha158_csi300_custom_step0_s_20260803_15,5000e8cc2a094f14adeb6094093ef883,0.493,,,
78,2026-08-03,SH600089,0.003976676946644342,EXP_DEnsembleModel_Alpha158_csi300_custom_step0_s_20260803_15,5000e8cc2a094f14adeb6094093ef883,0.493,,,
79,2026-08-03,SH600104,-0.08019171321767693,EXP_DEnsembleModel_Alpha158_csi300_custom_step0_s_20260803_15,5000e8cc2a094f14adeb6094093ef883,0.493,,,
80,2026-08-03,SH600111,0.06813212174773976,EXP_DEnsembleModel_Alpha158_csi300_custom_step0_s_20260803_15,5000e8cc2a094f14adeb6094093ef883,0.493,,,
81,2026-08-03,SH600115,0.01913453891140929,EXP_DEnsembleModel_Alpha158_csi300_custom_step0_s_20260803_15,5000e8cc2a094f14adeb6094093ef883,0.493,,,
82,2026-08-03,SH600061,0.07481423617763848,EXP_DEnsembleModel_Alpha158_csi300_custom_step0_s_20260803_15,5000e8cc2a094f14adeb6094093ef883,0.493,,,
83,2026-08-03,SH600118,0.17339071584356544,EXP_DEnsembleModel_Alpha158_csi300_custom_step0_s_20260803_15,5000e8cc2a094f14adeb6094093ef883,0.493,,,
84,2026-08-03,SH600160,0.06396962059348331,EXP_DEnsembleModel_Alpha158_csi300_custom_step0_s_20260803_15,5000e8cc2a094f14adeb6094093ef883,0.493,,,
85,2026-08-03,SH600176,0.17184563585660634,EXP_DEnsembleModel_Alpha158_csi300_custom_step0_s_20260803_15,5000e8cc2a094f14adeb6094093ef883,0.493,,,
86,2026-08-03,SH600183,0.1672689350809538,EXP_DEnsembleModel_Alpha158_csi300_custom_step0_s_20260803_15,5000e8cc2a094f14adeb6094093ef883,0.493,,,
87,2026-08-03,SH600188,-0.014658143406840534,EXP_DEnsembleModel_Alpha158_csi300_custom_step0_s_20260803_15,5000e8cc2a094f14adeb6094093ef883,0.493,,,
88,2026-08-03,SH600196,-0.02977859324231003,EXP_DEnsembleModel_Alpha158_csi300_custom_step0_s_20260803_15,5000e8cc2a094f14adeb6094093ef883,0.493,,,
89,2026-08-03,SH600219,-0.029043718093435485,EXP_DEnsembleModel_Alpha158_csi300_custom_step0_s_20260803_15,5000e8cc2a094f14adeb6094093ef883,0.493,,,
90,2026-08-03,SH600150,-0.029452815863633672,EXP_DEnsembleModel_Alpha158_csi300_custom_step0_s_20260803_15,5000e8cc2a094f14adeb6094093ef883,0.493,,,
91,2026-08-03,SH600050,0.04052638065566864,EXP_DEnsembleModel_Alpha158_csi300_custom_step0_s_20260803_15,5000e8cc2a094f14adeb6094093ef883,0.493,,,
92,2026-08-03,SH600048,-0.09297150607377887,EXP_DEnsembleModel_Alpha158_csi300_custom_step0_s_20260803_15,5000e8cc2a094f14adeb6094093ef883,0.493,,,
93,2026-08-03,SH600039,0.0059654338151410085,EXP_DEnsembleModel_Alpha158_csi300_custom_step0_s_20260803_15,5000e8cc2a094f14adeb6094093ef883,0.493,,,
94,2026-08-03,SH600010,0.00681954524899788,EXP_DEnsembleModel_Alpha158_csi300_custom_step0_s_20260803_15,5000e8cc2a094f14adeb6094093ef883,0.493,,,
95,2026-08-03,SH600011,2.3305012451487267e-07,EXP_DEnsembleModel_Alpha158_csi300_custom_step0_s_20260803_15,5000e8cc2a094f14adeb6094093ef883,0.493,,,
96,2026-08-03,SH600015,0.14598349740549613,EXP_DEnsembleModel_Alpha158_csi300_custom_step0_s_20260803_15,5000e8cc2a094f14adeb6094093ef883,0.493,,,
97,2026-08-03,SH600016,0.05700296341173706,EXP_DEnsembleModel_Alpha158_csi300_custom_step0_s_20260803_15,5000e8cc2a094f14adeb6094093ef883,0.493,,,
98,2026-08-03,SH600018,0.1334769598389197,EXP_DEnsembleModel_Alpha158_csi300_custom_step0_s_20260803_15,5000e8cc2a094f14adeb6094093ef883,0.493,,,
99,2026-08-03,SH600019,-0.032774069550151164,EXP_DEnsembleModel_Alpha158_csi300_custom_step0_s_20260803_15,5000e8cc2a094f14adeb6094093ef883,0.493,,,
100,2026-08-03,SH600023,0.10819871494658793,EXP_DEnsembleModel_Alpha158_csi300_custom_step0_s_20260803_15,5000e8cc2a094f14adeb6094093ef883,0.493,,,
101,2026-08-03,SH600025,0.055691827414114575,EXP_DEnsembleModel_Alpha158_csi300_custom_step0_s_20260803_15,5000e8cc2a094f14adeb6094093ef883,0.493,,,
102,2026-08-03,SH600026,0.045420064077532074,EXP_DEnsembleModel_Alpha158_csi300_custom_step0_s_20260803_15,5000e8cc2a094f14adeb6094093ef883,0.493,,,
103,2026-08-03,SH600027,0.037522461860128385,EXP_DEnsembleModel_Alpha158_csi300_custom_step0_s_20260803_15,5000e8cc2a094f14adeb6094093ef883,0.493,,,
104,2026-08-03,SH600028,0.029361306115787834,EXP_DEnsembleModel_Alpha158_csi300_custom_step0_s_20260803_15,5000e8cc2a094f14adeb6094093ef883,0.493,,,
105,2026-08-03,SH600029,0.027290649859751815,EXP_DEnsembleModel_Alpha158_csi300_custom_step0_s_20260803_15,5000e8cc2a094f14adeb6094093ef883,0.493,,,
106,2026-08-03,SH600030,0.051532101526566045,EXP_DEnsembleModel_Alpha158_csi300_custom_step0_s_20260803_15,5000e8cc2a094f14adeb6094093ef883,0.493,,,
107,2026-08-03,SH600031,-0.14568885570032128,EXP_DEnsembleModel_Alpha158_csi300_custom_step0_s_20260803_15,5000e8cc2a094f14adeb6094093ef883,0.493,,,
108,2026-08-03,SH600036,0.072312180188834,EXP_DEnsembleModel_Alpha158_csi300_custom_step0_s_20260803_15,5000e8cc2a094f14adeb6094093ef883,0.493,,,
109,2026-08-03,SH600221,0.05160814200472797,EXP_DEnsembleModel_Alpha158_csi300_custom_step0_s_20260803_15,5000e8cc2a094f14adeb6094093ef883,0.493,,,
110,2026-08-03,SH600233,-0.15315165157464894,EXP_DEnsembleModel_Alpha158_csi300_custom_step0_s_20260803_15,5000e8cc2a094f14adeb6094093ef883,0.493,,,
111,2026-08-03,SH600276,-0.08833908960232192,EXP_DEnsembleModel_Alpha158_csi300_custom_step0_s_20260803_15,5000e8cc2a094f14adeb6094093ef883,0.493,,,
112,2026-08-03,SH600309,-0.13596709727419212,EXP_DEnsembleModel_Alpha158_csi300_custom_step0_s_20260803_15,5000e8cc2a094f14adeb6094093ef883,0.493,,,
113,2026-08-03,SH600588,-0.022240848051803513,EXP_DEnsembleModel_Alpha158_csi300_custom_step0_s_20260803_15,5000e8cc2a094f14adeb6094093ef883,0.493,,,
114,2026-08-03,SH600600,-0.07000169375802325,EXP_DEnsembleModel_Alpha158_csi300_custom_step0_s_20260803_15,5000e8cc2a094f14adeb6094093ef883,0.493,,,
115,2026-08-03,SH600660,-0.013925230816125308,EXP_DEnsembleModel_Alpha158_csi300_custom_step0_s_20260803_15,5000e8cc2a094f14adeb6094093ef883,0.493,,,
116,2026-08-03,SH600674,0.10018457430417922,EXP_DEnsembleModel_Alpha158_csi300_custom_step0_s_20260803_15,5000e8cc2a094f14adeb6094093ef883,0.493,,,
117,2026-08-03,SH600690,0.10614178902068264,EXP_DEnsembleModel_Alpha158_csi300_custom_step0_s_20260803_15,5000e8cc2a094f14adeb6094093ef883,0.493,,,
118,2026-08-03,SH600741,0.04492916669365105,EXP_DEnsembleModel_Alpha158_csi300_custom_step0_s_20260803_15,5000e8cc2a094f14adeb6094093ef883,0.493,,,
119,2026-08-03,SH600760,0.04705049302841804,EXP_DEnsembleModel_Alpha158_csi300_custom_step0_s_20260803_15,5000e8cc2a094f14adeb6094093ef883,0.493,,,
120,2026-08-03,SH600795,0.013901870960663334,EXP_DEnsembleModel_Alpha158_csi300_custom_step0_s_20260803_15,5000e8cc2a094f14adeb6094093ef883,0.493,,,
121,2026-08-03,SH600803,-0.17911757040754828,EXP_DEnsembleModel_Alpha158_csi300_custom_step0_s_20260803_15,5000e8cc2a094f14adeb6094093ef883,0.493,,,
122,2026-08-03,SH600809,-0.14687231448239632,EXP_DEnsembleModel_Alpha158_csi300_custom_step0_s_20260803_15,5000e8cc2a094f14adeb6094093ef883,0.493,,,
123,2026-08-03,SH600845,-0.0796359845816086,EXP_DEnsembleModel_Alpha158_csi300_custom_step0_s_20260803_15,5000e8cc2a094f14adeb6094093ef883,0.493,,,
124,2026-08-03,SH600875,-0.0032552682799229433,EXP_DEnsembleModel_Alpha158_csi300_custom_step0_s_20260803_15,5000e8cc2a094f14adeb6094093ef883,0.493,,,
125,2026-08-03,SH600886,0.0020930372119453183,EXP_DEnsembleModel_Alpha158_csi300_custom_step0_s_20260803_15,5000e8cc2a094f14adeb6094093ef883,0.493,,,
126,2026-08-03,SH600887,0.07133452201834821,EXP_DEnsembleModel_Alpha158_csi300_custom_step0_s_20260803_15,5000e8cc2a094f14adeb6094093ef883,0.493,,,
127,2026-08-03,SH600893,-0.027381314470080822,EXP_DEnsembleModel_Alpha158_csi300_custom_step0_s_20260803_15,5000e8cc2a094f14adeb6094093ef883,0.493,,,
128,2026-08-03,SH600585,-0.06822945845985473,EXP_DEnsembleModel_Alpha158_csi300_custom_step0_s_20260803_15,5000e8cc2a094f14adeb6094093ef883,0.493,,,
129,2026-08-03,SH600905,0.07819544680122438,EXP_DEnsembleModel_Alpha158_csi300_custom_step0_s_20260803_15,5000e8cc2a094f14adeb6094093ef883,0.493,,,
130,2026-08-03,SH600584,0.1451848212664131,EXP_DEnsembleModel_Alpha158_csi300_custom_step0_s_20260803_15,5000e8cc2a094f14adeb6094093ef883,0.493,,,
131,2026-08-03,SH600549,0.043223909168890164,EXP_DEnsembleModel_Alpha158_csi300_custom_step0_s_20260803_15,5000e8cc2a094f14adeb6094093ef883,0.493,,,
132,2026-08-03,SH600346,-0.051740265221761596,EXP_DEnsembleModel_Alpha158_csi300_custom_step0_s_20260803_15,5000e8cc2a094f14adeb6094093ef883,0.493,,,
133,2026-08-03,SH600362,-0.1360037319794239,EXP_DEnsembleModel_Alpha158_csi300_custom_step0_s_20260803_15,5000e8cc2a094f14adeb6094093ef883,0.493,,,
134,2026-08-03,SH600372,0.062187104957516746,EXP_DEnsembleModel_Alpha158_csi300_custom_step0_s_20260803_15,5000e8cc2a094f14adeb6094093ef883,0.493,,,
135,2026-08-03,SH600406,-0.03169655416604491,EXP_DEnsembleModel_Alpha158_csi300_custom_step0_s_20260803_15,5000e8cc2a094f14adeb6094093ef883,0.493,,,
136,2026-08-03,SH600415,-0.18229075131684744,EXP_DEnsembleModel_Alpha158_csi300_custom_step0_s_20260803_15,5000e8cc2a094f14adeb6094093ef883,0.493,,,
137,2026-08-03,SH600426,-0.13694713627998154,EXP_DEnsembleModel_Alpha158_csi300_custom_step0_s_20260803_15,5000e8cc2a094f14adeb6094093ef883,0.493,,,
138,2026-08-03,SH600436,-0.10568328301878366,EXP_DEnsembleModel_Alpha158_csi300_custom_step0_s_20260803_15,5000e8cc2a094f14adeb6094093ef883,0.493,,,
139,2026-08-03,SH600438,0.1145704559993843,EXP_DEnsembleModel_Alpha158_csi300_custom_step0_s_20260803_15,5000e8cc2a094f14adeb6094093ef883,0.493,,,
140,2026-08-03,SH600460,0.11277099145123871,EXP_DEnsembleModel_Alpha158_csi300_custom_step0_s_20260803_15,5000e8cc2a094f14adeb6094093ef883,0.493,,,
141,2026-08-03,SH600482,-0.0607025064209571,EXP_DEnsembleModel_Alpha158_csi300_custom_step0_s_20260803_15,5000e8cc2a094f14adeb6094093ef883,0.493,,,
142,2026-08-03,SH600489,-0.10063811050863888,EXP_DEnsembleModel_Alpha158_csi300_custom_step0_s_20260803_15,5000e8cc2a094f14adeb6094093ef883,0.493,,,
143,2026-08-03,SH600515,0.009585044636866042,EXP_DEnsembleModel_Alpha158_csi300_custom_step0_s_20260803_15,5000e8cc2a094f14adeb6094093ef883,0.493,,,
144,2026-08-03,SH600519,-0.009429634306172751,EXP_DEnsembleModel_Alpha158_csi300_custom_step0_s_20260803_15,5000e8cc2a094f14adeb6094093ef883,0.493,,,
145,2026-08-03,SH600522,0.12962630823515683,EXP_DEnsembleModel_Alpha158_csi300_custom_step0_s_20260803_15,5000e8cc2a094f14adeb6094093ef883,0.493,,,
146,2026-08-03,SH600547,-0.07037924598369691,EXP_DEnsembleModel_Alpha158_csi300_custom_step0_s_20260803_15,5000e8cc2a094f14adeb6094093ef883,0.493,,,
147,2026-08-03,SH600570,0.03192622920718242,EXP_DEnsembleModel_Alpha158_csi300_custom_step0_s_20260803_15,5000e8cc2a094f14adeb6094093ef883,0.493,,,
148,2026-08-03,SH600009,0.03403840186841496,EXP_DEnsembleModel_Alpha158_csi300_custom_step0_s_20260803_15,5000e8cc2a094f14adeb6094093ef883,0.493,,,
149,2026-08-03,SH601919,0.06629479235065376,EXP_DEnsembleModel_Alpha158_csi300_custom_step0_s_20260803_15,5000e8cc2a094f14adeb6094093ef883,0.493,,,
150,2026-08-03,SH601985,0.11233046458088916,EXP_DEnsembleModel_Alpha158_csi300_custom_step0_s_20260803_15,5000e8cc2a094f14adeb6094093ef883,0.493,,,
151,2026-08-03,SZ002460,0.18622442548969362,EXP_DEnsembleModel_Alpha158_csi300_custom_step0_s_20260803_15,5000e8cc2a094f14adeb6094093ef883,0.493,,,
152,2026-08-03,SZ002463,0.11717001682584068,EXP_DEnsembleModel_Alpha158_csi300_custom_step0_s_20260803_15,5000e8cc2a094f14adeb6094093ef883,0.493,,,
153,2026-08-03,SZ002466,0.18820080963164093,EXP_DEnsembleModel_Alpha158_csi300_custom_step0_s_20260803_15,5000e8cc2a094f14adeb6094093ef883,0.493,,,
154,2026-08-03,SZ002475,0.14924932883298644,EXP_DEnsembleModel_Alpha158_csi300_custom_step0_s_20260803_15,5000e8cc2a094f14adeb6094093ef883,0.493,,,
155,2026-08-03,SZ002493,-0.11506872392470602,EXP_DEnsembleModel_Alpha158_csi300_custom_step0_s_20260803_15,5000e8cc2a094f14adeb6094093ef883,0.493,,,
156,2026-08-03,SZ002532,-0.10981613159628571,EXP_DEnsembleModel_Alpha158_csi300_custom_step0_s_20260803_15,5000e8cc2a094f14adeb6094093ef883,0.493,,,
157,2026-08-03,SZ002422,0.07005292344370466,EXP_DEnsembleModel_Alpha158_csi300_custom_step0_s_20260803_15,5000e8cc2a094f14adeb6094093ef883,0.493,,,
158,2026-08-03,SZ002558,-0.11638085139839054,EXP_DEnsembleModel_Alpha158_csi300_custom_step0_s_20260803_15,5000e8cc2a094f14adeb6094093ef883,0.493,,,
159,2026-08-03,SZ002600,0.1556137618839726,EXP_DEnsembleModel_Alpha158_csi300_custom_step0_s_20260803_15,5000e8cc2a094f14adeb6094093ef883,0.493,,,
160,2026-08-03,SZ002602,-0.17513973296027038,EXP_DEnsembleModel_Alpha158_csi300_custom_step0_s_20260803_15,5000e8cc2a094f14adeb6094093ef883,0.493,,,
161,2026-08-03,SZ002625,0.06491404695112486,EXP_DEnsembleModel_Alpha158_csi300_custom_step0_s_20260803_15,5000e8cc2a094f14adeb6094093ef883,0.493,,,
162,2026-08-03,SZ002648,-0.07770010538267112,EXP_DEnsembleModel_Alpha158_csi300_custom_step0_s_20260803_15,5000e8cc2a094f14adeb6094093ef883,0.493,,,
163,2026-08-03,SZ002709,0.06586776268358431,EXP_DEnsembleModel_Alpha158_csi300_custom_step0_s_20260803_15,5000e8cc2a094f14adeb6094093ef883,0.493,,,
164,2026-08-03,SZ002714,-0.09986895864238292,EXP_DEnsembleModel_Alpha158_csi300_custom_step0_s_20260803_15,5000e8cc2a094f14adeb6094093ef883,0.493,,,
165,2026-08-03,SZ002594,-0.09916011236993609,EXP_DEnsembleModel_Alpha158_csi300_custom_step0_s_20260803_15,5000e8cc2a094f14adeb6094093ef883,0.493,,,
166,2026-08-03,SZ002415,0.07566340581425855,EXP_DEnsembleModel_Alpha158_csi300_custom_step0_s_20260803_15,5000e8cc2a094f14adeb6094093ef883,0.493,,,
167,2026-08-03,SZ002384,0.08134372607674933,EXP_DEnsembleModel_Alpha158_csi300_custom_step0_s_20260803_15,5000e8cc2a094f14adeb6094093ef883,0.493,,,
168,2026-08-03,SZ002371,0.12560444856093475,EXP_DEnsembleModel_Alpha158_csi300_custom_step0_s_20260803_15,5000e8cc2a094f14adeb6094093ef883,0.493,,,
169,2026-08-03,SZ002027,-0.02239755456521495,EXP_DEnsembleModel_Alpha158_csi300_custom_step0_s_20260803_15,5000e8cc2a094f14adeb6094093ef883,0.493,,,
170,2026-08-03,SZ002028,0.05049145028463081,EXP_DEnsembleModel_Alpha158_csi300_custom_step0_s_20260803_15,5000e8cc2a094f14adeb6094093ef883,0.493,,,
171,2026-08-03,SZ002049,0.07366397942618312,EXP_DEnsembleModel_Alpha158_csi300_custom_step0_s_20260803_15,5000e8cc2a094f14adeb6094093ef883,0.493,,,
172,2026-08-03,SZ002050,0.06336772536279618,EXP_DEnsembleModel_Alpha158_csi300_custom_step0_s_20260803_15,5000e8cc2a094f14adeb6094093ef883,0.493,,,
173,2026-08-03,SZ002074,-0.03374497420623166,EXP_DEnsembleModel_Alpha158_csi300_custom_step0_s_20260803_15,5000e8cc2a094f14adeb6094093ef883,0.493,,,
174,2026-08-03,SZ002142,0.10250550848580026,EXP_DEnsembleModel_Alpha158_csi300_custom_step0_s_20260803_15,5000e8cc2a094f14adeb6094093ef883,0.493,,,
175,2026-08-03,SZ002179,0.06699888729137152,EXP_DEnsembleModel_Alpha158_csi300_custom_step0_s_20260803_15,5000e8cc2a094f14adeb6094093ef883,0.493,,,
176,2026-08-03,SZ002202,0.23789745497152032,EXP_DEnsembleModel_Alpha158_csi300_custom_step0_s_20260803_15,5000e8cc2a094f14adeb6094093ef883,0.493,,,
177,2026-08-03,SZ002230,0.04383273455595021,EXP_DEnsembleModel_Alpha158_csi300_custom_step0_s_20260803_15,5000e8cc2a094f14adeb6094093ef883,0.493,,,
178,2026-08-03,SZ002236,-0.006770540571894299,EXP_DEnsembleModel_Alpha158_csi300_custom_step0_s_20260803_15,5000e8cc2a094f14adeb6094093ef883,0.493,,,
179,2026-08-03,SZ002241,-0.033543035006135216,EXP_DEnsembleModel_Alpha158_csi300_custom_step0_s_20260803_15,5000e8cc2a094f14adeb6094093ef883,0.493,,,
180,2026-08-03,SZ002304,-0.039642603397674676,EXP_DEnsembleModel_Alpha158_csi300_custom_step0_s_20260803_15,5000e8cc2a094f14adeb6094093ef883,0.493,,,
181,2026-08-03,SZ002311,0.04655112581514477,EXP_DEnsembleModel_Alpha158_csi300_custom_step0_s_20260803_15,5000e8cc2a094f14adeb6094093ef883,0.493,,,
182,2026-08-03,SZ002352,0.005959246992033647,EXP_DEnsembleModel_Alpha158_csi300_custom_step0_s_20260803_15,5000e8cc2a094f14adeb6094093ef883,0.493,,,
183,2026-08-03,SZ002353,0.09920492558976614,EXP_DEnsembleModel_Alpha158_csi300_custom_step0_s_20260803_15,5000e8cc2a094f14adeb6094093ef883,0.493,,,
184,2026-08-03,SZ002736,0.05916678417423009,EXP_DEnsembleModel_Alpha158_csi300_custom_step0_s_20260803_15,5000e8cc2a094f14adeb6094093ef883,0.493,,,
185,2026-08-03,SZ002837,0.18669829301717364,EXP_DEnsembleModel_Alpha158_csi300_custom_step0_s_20260803_15,5000e8cc2a094f14adeb6094093ef883,0.493,,,
186,2026-08-03,SZ002916,0.1308442232818395,EXP_DEnsembleModel_Alpha158_csi300_custom_step0_s_20260803_15,5000e8cc2a094f14adeb6094093ef883,0.493,,,
187,2026-08-03,SZ002920,-0.09829484977867392,EXP_DEnsembleModel_Alpha158_csi300_custom_step0_s_20260803_15,5000e8cc2a094f14adeb6094093ef883,0.493,,,
188,2026-08-03,SZ300476,0.22587886472812527,EXP_DEnsembleModel_Alpha158_csi300_custom_step0_s_20260803_15,5000e8cc2a094f14adeb6094093ef883,0.493,,,
189,2026-08-03,SZ300498,-0.04952775487750322,EXP_DEnsembleModel_Alpha158_csi300_custom_step0_s_20260803_15,5000e8cc2a094f14adeb6094093ef883,0.493,,,
190,2026-08-03,SZ300502,0.19014197399200203,EXP_DEnsembleModel_Alpha158_csi300_custom_step0_s_20260803_15,5000e8cc2a094f14adeb6094093ef883,0.493,,,
191,2026-08-03,SZ300628,0.003887204175123403,EXP_DEnsembleModel_Alpha158_csi300_custom_step0_s_20260803_15,5000e8cc2a094f14adeb6094093ef883,0.493,,,
192,2026-08-03,SZ300661,0.1266853764083918,EXP_DEnsembleModel_Alpha158_csi300_custom_step0_s_20260803_15,5000e8cc2a094f14adeb6094093ef883,0.493,,,
193,2026-08-03,SZ300750,-0.06078344071114227,EXP_DEnsembleModel_Alpha158_csi300_custom_step0_s_20260803_15,5000e8cc2a094f14adeb6094093ef883,0.493,,,
194,2026-08-03,SZ300760,-0.07209616301507853,EXP_DEnsembleModel_Alpha158_csi300_custom_step0_s_20260803_15,5000e8cc2a094f14adeb6094093ef883,0.493,,,
195,2026-08-03,SZ300803,-0.016319412606169974,EXP_DEnsembleModel_Alpha158_csi300_custom_step0_s_20260803_15,5000e8cc2a094f14adeb6094093ef883,0.493,,,
196,2026-08-03,SZ300832,-0.019139198730296333,EXP_DEnsembleModel_Alpha158_csi300_custom_step0_s_20260803_15,5000e8cc2a094f14adeb6094093ef883,0.493,,,
197,2026-08-03,SZ300866,-0.16137287928081961,EXP_DEnsembleModel_Alpha158_csi300_custom_step0_s_20260803_15,5000e8cc2a094f14adeb6094093ef883,0.493,,,
198,2026-08-03,SZ300896,-0.12716935166280496,EXP_DEnsembleModel_Alpha158_csi300_custom_step0_s_20260803_15,5000e8cc2a094f14adeb6094093ef883,0.493,,,
199,2026-08-03,SZ300999,0.037545194471988404,EXP_DEnsembleModel_Alpha158_csi300_custom_step0_s_20260803_15,5000e8cc2a094f14adeb6094093ef883,0.493,,,
200,2026-08-03,SZ301165,-0.02167750390651567,EXP_DEnsembleModel_Alpha158_csi300_custom_step0_s_20260803_15,5000e8cc2a094f14adeb6094093ef883,0.493,,,
201,2026-08-03,SZ301236,-0.13989794436778313,EXP_DEnsembleModel_Alpha158_csi300_custom_step0_s_20260803_15,5000e8cc2a094f14adeb6094093ef883,0.493,,,
202,2026-08-03,SZ301269,0.09569893320396529,EXP_DEnsembleModel_Alpha158_csi300_custom_step0_s_20260803_15,5000e8cc2a094f14adeb6094093ef883,0.493,,,
203,2026-08-03,SZ300450,0.10108369747560574,EXP_DEnsembleModel_Alpha158_csi300_custom_step0_s_20260803_15,5000e8cc2a094f14adeb6094093ef883,0.493,,,
204,2026-08-03,SZ002001,-0.11034905336949405,EXP_DEnsembleModel_Alpha158_csi300_custom_step0_s_20260803_15,5000e8cc2a094f14adeb6094093ef883,0.493,,,
205,2026-08-03,SZ300442,0.07938244471049383,EXP_DEnsembleModel_Alpha158_csi300_custom_step0_s_20260803_15,5000e8cc2a094f14adeb6094093ef883,0.493,,,
206,2026-08-03,SZ300418,-0.08185902952280188,EXP_DEnsembleModel_Alpha158_csi300_custom_step0_s_20260803_15,5000e8cc2a094f14adeb6094093ef883,0.493,,,
207,2026-08-03,SZ002938,0.0653901429702461,EXP_DEnsembleModel_Alpha158_csi300_custom_step0_s_20260803_15,5000e8cc2a094f14adeb6094093ef883,0.493,,,
208,2026-08-03,SZ003816,0.039288310026904805,EXP_DEnsembleModel_Alpha158_csi300_custom_step0_s_20260803_15,5000e8cc2a094f14adeb6094093ef883,0.493,,,
209,2026-08-03,SZ300014,0.04111519808902429,EXP_DEnsembleModel_Alpha158_csi300_custom_step0_s_20260803_15,5000e8cc2a094f14adeb6094093ef883,0.493,,,
210,2026-08-03,SZ300015,-0.08334820858380769,EXP_DEnsembleModel_Alpha158_csi300_custom_step0_s_20260803_15,5000e8cc2a094f14adeb6094093ef883,0.493,,,
211,2026-08-03,SZ300033,-0.09410582652141072,EXP_DEnsembleModel_Alpha158_csi300_custom_step0_s_20260803_15,5000e8cc2a094f14adeb6094093ef883,0.493,,,
212,2026-08-03,SZ300059,-0.025545673464546198,EXP_DEnsembleModel_Alpha158_csi300_custom_step0_s_20260803_15,5000e8cc2a094f14adeb6094093ef883,0.493,,,
213,2026-08-03,SZ300122,-0.11199280740933139,EXP_DEnsembleModel_Alpha158_csi300_custom_step0_s_20260803_15,5000e8cc2a094f14adeb6094093ef883,0.493,,,
214,2026-08-03,SZ300124,-0.02229708596746076,EXP_DEnsembleModel_Alpha158_csi300_custom_step0_s_20260803_15,5000e8cc2a094f14adeb6094093ef883,0.493,,,
215,2026-08-03,SZ300251,-0.1296462031230885,EXP_DEnsembleModel_Alpha158_csi300_custom_step0_s_20260803_15,5000e8cc2a094f14adeb6094093ef883,0.493,,,
216,2026-08-03,SZ300274,0.21045116617190626,EXP_DEnsembleModel_Alpha158_csi300_custom_step0_s_20260803_15,5000e8cc2a094f14adeb6094093ef883,0.493,,,
217,2026-08-03,SZ300308,0.11462198589088238,EXP_DEnsembleModel_Alpha158_csi300_custom_step0_s_20260803_15,5000e8cc2a094f14adeb6094093ef883,0.493,,,
218,2026-08-03,SZ300316,0.08823379922663462,EXP_DEnsembleModel_Alpha158_csi300_custom_step0_s_20260803_15,5000e8cc2a094f14adeb6094093ef883,0.493,,,
219,2026-08-03,SZ300394,0.3019024113630555,EXP_DEnsembleModel_Alpha158_csi300_custom_step0_s_20260803_15,5000e8cc2a094f14adeb6094093ef883,0.493,,,
220,2026-08-03,SZ300408,0.1512149476008772,EXP_DEnsembleModel_Alpha158_csi300_custom_step0_s_20260803_15,5000e8cc2a094f14adeb6094093ef883,0.493,,,
221,2026-08-03,SZ300413,-0.15686110532049571,EXP_DEnsembleModel_Alpha158_csi300_custom_step0_s_20260803_15,5000e8cc2a094f14adeb6094093ef883,0.493,,,
222,2026-08-03,SZ300433,0.14122403030634673,EXP_DEnsembleModel_Alpha158_csi300_custom_step0_s_20260803_15,5000e8cc2a094f14adeb6094093ef883,0.493,,,
223,2026-08-03,SH601939,0.09652520168557817,EXP_DEnsembleModel_Alpha158_csi300_custom_step0_s_20260803_15,5000e8cc2a094f14adeb6094093ef883,0.493,,,
224,2026-08-03,SZ001979,-0.06878584874706559,EXP_DEnsembleModel_Alpha158_csi300_custom_step0_s_20260803_15,5000e8cc2a094f14adeb6094093ef883,0.493,,,
225,2026-08-03,SZ001391,0.05776286155479012,EXP_DEnsembleModel_Alpha158_csi300_custom_step0_s_20260803_15,5000e8cc2a094f14adeb6094093ef883,0.493,,,
226,2026-08-03,SH688012,0.31776802170246976,EXP_DEnsembleModel_Alpha158_csi300_custom_step0_s_20260803_15,5000e8cc2a094f14adeb6094093ef883,0.493,,,
227,2026-08-03,SH688036,-0.06667343499004853,EXP_DEnsembleModel_Alpha158_csi300_custom_step0_s_20260803_15,5000e8cc2a094f14adeb6094093ef883,0.493,,,
228,2026-08-03,SH688041,0.05826923557017039,EXP_DEnsembleModel_Alpha158_csi300_custom_step0_s_20260803_15,5000e8cc2a094f14adeb6094093ef883,0.493,,,
229,2026-08-03,SH688047,0.15490720856570483,EXP_DEnsembleModel_Alpha158_csi300_custom_step0_s_20260803_15,5000e8cc2a094f14adeb6094093ef883,0.493,,,
230,2026-08-03,SH688072,0.12297504832323004,EXP_DEnsembleModel_Alpha158_csi300_custom_step0_s_20260803_15,5000e8cc2a094f14adeb6094093ef883,0.493,,,
231,2026-08-03,SH688082,0.24060590940658724,EXP_DEnsembleModel_Alpha158_csi300_custom_step0_s_20260803_15,5000e8cc2a094f14adeb6094093ef883,0.493,,,
232,2026-08-03,SH688009,0.10789124189681189,EXP_DEnsembleModel_Alpha158_csi300_custom_step0_s_20260803_15,5000e8cc2a094f14adeb6094093ef883,0.493,,,
233,2026-08-03,SH688111,-0.14961737272994677,EXP_DEnsembleModel_Alpha158_csi300_custom_step0_s_20260803_15,5000e8cc2a094f14adeb6094093ef883,0.493,,,
234,2026-08-03,SH688183,0.2188634393467251,EXP_DEnsembleModel_Alpha158_csi300_custom_step0_s_20260803_15,5000e8cc2a094f14adeb6094093ef883,0.493,,,
235,2026-08-03,SH688223,0.011074072673657153,EXP_DEnsembleModel_Alpha158_csi300_custom_step0_s_20260803_15,5000e8cc2a094f14adeb6094093ef883,0.493,,,
236,2026-08-03,SH688256,0.2842282894821811,EXP_DEnsembleModel_Alpha158_csi300_custom_step0_s_20260803_15,5000e8cc2a094f14adeb6094093ef883,0.493,,,
237,2026-08-03,SH688271,-0.07198069441608494,EXP_DEnsembleModel_Alpha158_csi300_custom_step0_s_20260803_15,5000e8cc2a094f14adeb6094093ef883,0.493,,,
238,2026-08-03,SH688303,-0.04295463908440475,EXP_DEnsembleModel_Alpha158_csi300_custom_step0_s_20260803_15,5000e8cc2a094f14adeb6094093ef883,0.493,,,
239,2026-08-03,SH688396,0.15380203470452064,EXP_DEnsembleModel_Alpha158_csi300_custom_step0_s_20260803_15,5000e8cc2a094f14adeb6094093ef883,0.493,,,
240,2026-08-03,SH688126,0.06345217009459374,EXP_DEnsembleModel_Alpha158_csi300_custom_step0_s_20260803_15,5000e8cc2a094f14adeb6094093ef883,0.493,,,
241,2026-08-03,SH688008,0.19157062989417106,EXP_DEnsembleModel_Alpha158_csi300_custom_step0_s_20260803_15,5000e8cc2a094f14adeb6094093ef883,0.493,,,
242,2026-08-03,SH605499,-0.08775174883685034,EXP_DEnsembleModel_Alpha158_csi300_custom_step0_s_20260803_15,5000e8cc2a094f14adeb6094093ef883,0.493,,,
243,2026-08-03,SH605117,0.14222351778955192,EXP_DEnsembleModel_Alpha158_csi300_custom_step0_s_20260803_15,5000e8cc2a094f14adeb6094093ef883,0.493,,,
244,2026-08-03,SH601988,0.10823051458595384,EXP_DEnsembleModel_Alpha158_csi300_custom_step0_s_20260803_15,5000e8cc2a094f14adeb6094093ef883,0.493,,,
245,2026-08-03,SH601995,0.010771114084519742,EXP_DEnsembleModel_Alpha158_csi300_custom_step0_s_20260803_15,5000e8cc2a094f14adeb6094093ef883,0.493,,,
246,2026-08-03,SH601998,-0.03980815250759421,EXP_DEnsembleModel_Alpha158_csi300_custom_step0_s_20260803_15,5000e8cc2a094f14adeb6094093ef883,0.493,,,
247,2026-08-03,SH603019,-0.018164894809070162,EXP_DEnsembleModel_Alpha158_csi300_custom_step0_s_20260803_15,5000e8cc2a094f14adeb6094093ef883,0.493,,,
248,2026-08-03,SH603259,-0.11163032339473992,EXP_DEnsembleModel_Alpha158_csi300_custom_step0_s_20260803_15,5000e8cc2a094f14adeb6094093ef883,0.493,,,
249,2026-08-03,SH603260,0.04782799151774001,EXP_DEnsembleModel_Alpha158_csi300_custom_step0_s_20260803_15,5000e8cc2a094f14adeb6094093ef883,0.493,,,
250,2026-08-03,SH603288,0.005664912490807205,EXP_DEnsembleModel_Alpha158_csi300_custom_step0_s_20260803_15,5000e8cc2a094f14adeb6094093ef883,0.493,,,
251,2026-08-03,SH603296,-0.010727807439684722,EXP_DEnsembleModel_Alpha158_csi300_custom_step0_s_20260803_15,5000e8cc2a094f14adeb6094093ef883,0.493,,,
252,2026-08-03,SH603369,-0.07076651254833911,EXP_DEnsembleModel_Alpha158_csi300_custom_step0_s_20260803_15,5000e8cc2a094f14adeb6094093ef883,0.493,,,
253,2026-08-03,SH603392,-0.0870813463152878,EXP_DEnsembleModel_Alpha158_csi300_custom_step0_s_20260803_15,5000e8cc2a094f14adeb6094093ef883,0.493,,,
254,2026-08-03,SH603501,0.020433055451853286,EXP_DEnsembleModel_Alpha158_csi300_custom_step0_s_20260803_15,5000e8cc2a094f14adeb6094093ef883,0.493,,,
255,2026-08-03,SH603799,0.06422867102105607,EXP_DEnsembleModel_Alpha158_csi300_custom_step0_s_20260803_15,5000e8cc2a094f14adeb6094093ef883,0.493,,,
256,2026-08-03,SH603893,0.03917560197264257,EXP_DEnsembleModel_Alpha158_csi300_custom_step0_s_20260803_15,5000e8cc2a094f14adeb6094093ef883,0.493,,,
257,2026-08-03,SH603986,0.24422799436045398,EXP_DEnsembleModel_Alpha158_csi300_custom_step0_s_20260803_15,5000e8cc2a094f14adeb6094093ef883,0.493,,,
258,2026-08-03,SH603993,-0.10744981893567125,EXP_DEnsembleModel_Alpha158_csi300_custom_step0_s_20260803_15,5000e8cc2a094f14adeb6094093ef883,0.493,,,
259,2026-08-03,SH688472,-0.09479990509695524,EXP_DEnsembleModel_Alpha158_csi300_custom_step0_s_20260803_15,5000e8cc2a094f14adeb6094093ef883,0.493,,,
260,2026-08-03,SH688506,0.0409173539011994,EXP_DEnsembleModel_Alpha158_csi300_custom_step0_s_20260803_15,5000e8cc2a094f14adeb6094093ef883,0.493,,,
261,2026-08-03,SH688521,0.07320219553613794,EXP_DEnsembleModel_Alpha158_csi300_custom_step0_s_20260803_15,5000e8cc2a094f14adeb6094093ef883,0.493,,,
262,2026-08-03,SH688981,0.0636693378212806,EXP_DEnsembleModel_Alpha158_csi300_custom_step0_s_20260803_15,5000e8cc2a094f14adeb6094093ef883,0.493,,,
263,2026-08-03,SZ000708,-0.033646613322477564,EXP_DEnsembleModel_Alpha158_csi300_custom_step0_s_20260803_15,5000e8cc2a094f14adeb6094093ef883,0.493,,,
264,2026-08-03,SZ000725,0.09460546455913203,EXP_DEnsembleModel_Alpha158_csi300_custom_step0_s_20260803_15,5000e8cc2a094f14adeb6094093ef883,0.493,,,
265,2026-08-03,SZ000768,0.021314303822130766,EXP_DEnsembleModel_Alpha158_csi300_custom_step0_s_20260803_15,5000e8cc2a094f14adeb6094093ef883,0.493,,,
266,2026-08-03,SZ000776,-0.08700818486436761,EXP_DEnsembleModel_Alpha158_csi300_custom_step0_s_20260803_15,5000e8cc2a094f14adeb6094093ef883,0.493,,,
267,2026-08-03,SZ000792,-0.03599083951176789,EXP_DEnsembleModel_Alpha158_csi300_custom_step0_s_20260803_15,5000e8cc2a094f14adeb6094093ef883,0.493,,,
268,2026-08-03,SZ000807,-0.06399132959987197,EXP_DEnsembleModel_Alpha158_csi300_custom_step0_s_20260803_15,5000e8cc2a094f14adeb6094093ef883,0.493,,,
269,2026-08-03,SZ000858,-0.037834539148131015,EXP_DEnsembleModel_Alpha158_csi300_custom_step0_s_20260803_15,5000e8cc2a094f14adeb6094093ef883,0.493,,,
270,2026-08-03,SZ000895,-0.06543480430121584,EXP_DEnsembleModel_Alpha158_csi300_custom_step0_s_20260803_15,5000e8cc2a094f14adeb6094093ef883,0.493,,,
271,2026-08-03,SZ000938,0.10524675116896208,EXP_DEnsembleModel_Alpha158_csi300_custom_step0_s_20260803_15,5000e8cc2a094f14adeb6094093ef883,0.493,,,
272,2026-08-03,SZ000963,-0.09034258152383572,EXP_DEnsembleModel_Alpha158_csi300_custom_step0_s_20260803_15,5000e8cc2a094f14adeb6094093ef883,0.493,,,
273,2026-08-03,SZ000975,-0.06664712384347954,EXP_DEnsembleModel_Alpha158_csi300_custom_step0_s_20260803_15,5000e8cc2a094f14adeb6094093ef883,0.493,,,
274,2026-08-03,SZ000977,0.04054556886738666,EXP_DEnsembleModel_Alpha158_csi300_custom_step0_s_20260803_15,5000e8cc2a094f14adeb6094093ef883,0.493,,,
275,2026-08-03,SZ000988,0.21331187539227536,EXP_DEnsembleModel_Alpha158_csi300_custom_step0_s_20260803_15,5000e8cc2a094f14adeb6094093ef883,0.493,,,
276,2026-08-03,SZ000999,-0.00875607637552131,EXP_DEnsembleModel_Alpha158_csi300_custom_step0_s_20260803_15,5000e8cc2a094f14adeb6094093ef883,0.493,,,
277,2026-08-03,SZ001280,-0.08663258851739435,EXP_DEnsembleModel_Alpha158_csi300_custom_step0_s_20260803_15,5000e8cc2a094f14adeb6094093ef883,0.493,,,
278,2026-08-03,SZ000657,0.042934298981292675,EXP_DEnsembleModel_Alpha158_csi300_custom_step0_s_20260803_15,5000e8cc2a094f14adeb6094093ef883,0.493,,,
279,2026-08-03,SZ001965,0.10930615439933923,EXP_DEnsembleModel_Alpha158_csi300_custom_step0_s_20260803_15,5000e8cc2a094f14adeb6094093ef883,0.493,,,
280,2026-08-03,SZ000651,0.11468008470343717,EXP_DEnsembleModel_Alpha158_csi300_custom_step0_s_20260803_15,5000e8cc2a094f14adeb6094093ef883,0.493,,,
281,2026-08-03,SZ000625,-0.03736206734109871,EXP_DEnsembleModel_Alpha158_csi300_custom_step0_s_20260803_15,5000e8cc2a094f14adeb6094093ef883,0.493,,,
282,2026-08-03,SZ000001,0.09730459156004169,EXP_DEnsembleModel_Alpha158_csi300_custom_step0_s_20260803_15,5000e8cc2a094f14adeb6094093ef883,0.493,,,
283,2026-08-03,SZ000002,-0.0836830667663633,EXP_DEnsembleModel_Alpha158_csi300_custom_step0_s_20260803_15,5000e8cc2a094f14adeb6094093ef883,0.493,,,
284,2026-08-03,SZ000063,-0.10610962845327461,EXP_DEnsembleModel_Alpha158_csi300_custom_step0_s_20260803_15,5000e8cc2a094f14adeb6094093ef883,0.493,,,
285,2026-08-03,SZ000100,-0.05667137962981186,EXP_DEnsembleModel_Alpha158_csi300_custom_step0_s_20260803_15,5000e8cc2a094f14adeb6094093ef883,0.493,,,
286,2026-08-03,SZ000157,-0.013772267086920332,EXP_DEnsembleModel_Alpha158_csi300_custom_step0_s_20260803_15,5000e8cc2a094f14adeb6094093ef883,0.493,,,
287,2026-08-03,SZ000166,0.08853405248084076,EXP_DEnsembleModel_Alpha158_csi300_custom_step0_s_20260803_15,5000e8cc2a094f14adeb6094093ef883,0.493,,,
288,2026-08-03,SZ000301,0.038955620199141436,EXP_DEnsembleModel_Alpha158_csi300_custom_step0_s_20260803_15,5000e8cc2a094f14adeb6094093ef883,0.493,,,
289,2026-08-03,SZ000333,0.025901668600594327,EXP_DEnsembleModel_Alpha158_csi300_custom_step0_s_20260803_15,5000e8cc2a094f14adeb6094093ef883,0.493,,,
290,2026-08-03,SZ000338,-0.00805592029347565,EXP_DEnsembleModel_Alpha158_csi300_custom_step0_s_20260803_15,5000e8cc2a094f14adeb6094093ef883,0.493,,,
291,2026-08-03,SZ000408,-0.07730325089978425,EXP_DEnsembleModel_Alpha158_csi300_custom_step0_s_20260803_15,5000e8cc2a094f14adeb6094093ef883,0.493,,,
292,2026-08-03,SZ000425,-0.08676394626676026,EXP_DEnsembleModel_Alpha158_csi300_custom_step0_s_20260803_15,5000e8cc2a094f14adeb6094093ef883,0.493,,,
293,2026-08-03,SZ000538,0.08577923812821435,EXP_DEnsembleModel_Alpha158_csi300_custom_step0_s_20260803_15,5000e8cc2a094f14adeb6094093ef883,0.493,,,
294,2026-08-03,SZ000568,-0.08843463608357564,EXP_DEnsembleModel_Alpha158_csi300_custom_step0_s_20260803_15,5000e8cc2a094f14adeb6094093ef883,0.493,,,
295,2026-08-03,SZ000596,-0.1272421966685024,EXP_DEnsembleModel_Alpha158_csi300_custom_step0_s_20260803_15,5000e8cc2a094f14adeb6094093ef883,0.493,,,
296,2026-08-03,SZ000617,-0.0008107436880965092,EXP_DEnsembleModel_Alpha158_csi300_custom_step0_s_20260803_15,5000e8cc2a094f14adeb6094093ef883,0.493,,,
297,2026-08-03,SZ000630,-0.10315051878290482,EXP_DEnsembleModel_Alpha158_csi300_custom_step0_s_20260803_15,5000e8cc2a094f14adeb6094093ef883,0.493,,,
298,2026-08-03,SH600000,0.006803998114675162,EXP_DEnsembleModel_Alpha158_csi300_custom_step0_s_20260803_15,5000e8cc2a094f14adeb6094093ef883,0.493,,,
299,2026-08-03,SZ302132,-0.011034511645917072,EXP_LGBModel_Alpha158_csi300_custom_step0_s_20260803_17,facf590cdc1c49f19bc735b2898efca7,0.507,,,
300,2026-08-03,SZ301308,0.004369435099754843,EXP_LGBModel_Alpha158_csi300_custom_step0_s_20260803_17,facf590cdc1c49f19bc735b2898efca7,0.507,,,
301,2026-08-03,SH601111,-0.005456162791780444,EXP_LGBModel_Alpha158_csi300_custom_step0_s_20260803_17,facf590cdc1c49f19bc735b2898efca7,0.507,,,
302,2026-08-03,SH601117,-2.850895612530484e-10,EXP_LGBModel_Alpha158_csi300_custom_step0_s_20260803_17,facf590cdc1c49f19bc735b2898efca7,0.507,,,
303,2026-08-03,SH601127,-0.007779176404392555,EXP_LGBModel_Alpha158_csi300_custom_step0_s_20260803_17,facf590cdc1c49f19bc735b2898efca7,0.507,,,
304,2026-08-03,SH601136,0.005812554237208067,EXP_LGBModel_Alpha158_csi300_custom_step0_s_20260803_17,facf590cdc1c49f19bc735b2898efca7,0.507,,,
305,2026-08-03,SH601138,0.0048646071759076365,EXP_LGBModel_Alpha158_csi300_custom_step0_s_20260803_17,facf590cdc1c49f19bc735b2898efca7,0.507,,,
306,2026-08-03,SH601166,-0.0025072541569839805,EXP_LGBModel_Alpha158_csi300_custom_step0_s_20260803_17,facf590cdc1c49f19bc735b2898efca7,0.507,,,
307,2026-08-03,SH601100,-0.011686361520532797,EXP_LGBModel_Alpha158_csi300_custom_step0_s_20260803_17,facf590cdc1c49f19bc735b2898efca7,0.507,,,
308,2026-08-03,SH601169,0.006550382796558065,EXP_LGBModel_Alpha158_csi300_custom_step0_s_20260803_17,facf590cdc1c49f19bc735b2898efca7,0.507,,,
309,2026-08-03,SH601211,0.0025580215549039485,EXP_LGBModel_Alpha158_csi300_custom_step0_s_20260803_17,facf590cdc1c49f19bc735b2898efca7,0.507,,,
310,2026-08-03,SH601225,-0.0010645686142721892,EXP_LGBModel_Alpha158_csi300_custom_step0_s_20260803_17,facf590cdc1c49f19bc735b2898efca7,0.507,,,
311,2026-08-03,SH601229,-1.900419731414851e-05,EXP_LGBModel_Alpha158_csi300_custom_step0_s_20260803_17,facf590cdc1c49f19bc735b2898efca7,0.507,,,
312,2026-08-03,SH601238,-0.0039501455067818695,EXP_LGBModel_Alpha158_csi300_custom_step0_s_20260803_17,facf590cdc1c49f19bc735b2898efca7,0.507,,,
313,2026-08-03,SH601288,-0.004912347127798853,EXP_LGBModel_Alpha158_csi300_custom_step0_s_20260803_17,facf590cdc1c49f19bc735b2898efca7,0.507,,,
314,2026-08-03,SH601318,-0.002463888053141787,EXP_LGBModel_Alpha158_csi300_custom_step0_s_20260803_17,facf590cdc1c49f19bc735b2898efca7,0.507,,,
315,2026-08-03,SH601186,0.001810729834380063,EXP_LGBModel_Alpha158_csi300_custom_step0_s_20260803_17,facf590cdc1c49f19bc735b2898efca7,0.507,,,
316,2026-08-03,SH601088,0.004956186867841833,EXP_LGBModel_Alpha158_csi300_custom_step0_s_20260803_17,facf590cdc1c49f19bc735b2898efca7,0.507,,,
317,2026-08-03,SH601077,0.012532644214450984,EXP_LGBModel_Alpha158_csi300_custom_step0_s_20260803_17,facf590cdc1c49f19bc735b2898efca7,0.507,,,
318,2026-08-03,SH601066,-0.0055014416772725065,EXP_LGBModel_Alpha158_csi300_custom_step0_s_20260803_17,facf590cdc1c49f19bc735b2898efca7,0.507,,,
319,2026-08-03,SH600919,0.013434545317335294,EXP_LGBModel_Alpha158_csi300_custom_step0_s_20260803_17,facf590cdc1c49f19bc735b2898efca7,0.507,,,
320,2026-08-03,SH600926,0.0038365270503700343,EXP_LGBModel_Alpha158_csi300_custom_step0_s_20260803_17,facf590cdc1c49f19bc735b2898efca7,0.507,,,
321,2026-08-03,SH600930,-0.0012190897526764876,EXP_LGBModel_Alpha158_csi300_custom_step0_s_20260803_17,facf590cdc1c49f19bc735b2898efca7,0.507,,,
322,2026-08-03,SH600938,-0.008631111949533584,EXP_LGBModel_Alpha158_csi300_custom_step0_s_20260803_17,facf590cdc1c49f19bc735b2898efca7,0.507,,,
323,2026-08-03,SH600941,-1.900419731414851e-05,EXP_LGBModel_Alpha158_csi300_custom_step0_s_20260803_17,facf590cdc1c49f19bc735b2898efca7,0.507,,,
324,2026-08-03,SH600958,0.008100393738337309,EXP_LGBModel_Alpha158_csi300_custom_step0_s_20260803_17,facf590cdc1c49f19bc735b2898efca7,0.507,,,
325,2026-08-03,SH600989,-0.006801377917839373,EXP_LGBModel_Alpha158_csi300_custom_step0_s_20260803_17,facf590cdc1c49f19bc735b2898efca7,0.507,,,
326,2026-08-03,SH600999,-0.007411921476740935,EXP_LGBModel_Alpha158_csi300_custom_step0_s_20260803_17,facf590cdc1c49f19bc735b2898efca7,0.507,,,
327,2026-08-03,SH601006,0.011406051997119705,EXP_LGBModel_Alpha158_csi300_custom_step0_s_20260803_17,facf590cdc1c49f19bc735b2898efca7,0.507,,,
328,2026-08-03,SH601009,-0.002543568558137182,EXP_LGBModel_Alpha158_csi300_custom_step0_s_20260803_17,facf590cdc1c49f19bc735b2898efca7,0.507,,,
329,2026-08-03,SH601012,0.004910653134323758,EXP_LGBModel_Alpha158_csi300_custom_step0_s_20260803_17,facf590cdc1c49f19bc735b2898efca7,0.507,,,
330,2026-08-03,SH601018,0.01103638000439741,EXP_LGBModel_Alpha158_csi300_custom_step0_s_20260803_17,facf590cdc1c49f19bc735b2898efca7,0.507,,,
331,2026-08-03,SH601021,0.0027126309372643726,EXP_LGBModel_Alpha158_csi300_custom_step0_s_20260803_17,facf590cdc1c49f19bc735b2898efca7,0.507,,,
332,2026-08-03,SH601058,-0.004354298677606806,EXP_LGBModel_Alpha158_csi300_custom_step0_s_20260803_17,facf590cdc1c49f19bc735b2898efca7,0.507,,,
333,2026-08-03,SH601059,0.013434545317335294,EXP_LGBModel_Alpha158_csi300_custom_step0_s_20260803_17,facf590cdc1c49f19bc735b2898efca7,0.507,,,
334,2026-08-03,SH601319,0.01072191409498136,EXP_LGBModel_Alpha158_csi300_custom_step0_s_20260803_17,facf590cdc1c49f19bc735b2898efca7,0.507,,,
335,2026-08-03,SH601328,-0.007436911488621887,EXP_LGBModel_Alpha158_csi300_custom_step0_s_20260803_17,facf590cdc1c49f19bc735b2898efca7,0.507,,,
336,2026-08-03,SH601336,0.0008828969055701612,EXP_LGBModel_Alpha158_csi300_custom_step0_s_20260803_17,facf590cdc1c49f19bc735b2898efca7,0.507,,,
337,2026-08-03,SH601360,0.004910653134323758,EXP_LGBModel_Alpha158_csi300_custom_step0_s_20260803_17,facf590cdc1c49f19bc735b2898efca7,0.507,,,
338,2026-08-03,SH601788,0.013434545317335294,EXP_LGBModel_Alpha158_csi300_custom_step0_s_20260803_17,facf590cdc1c49f19bc735b2898efca7,0.507,,,
339,2026-08-03,SH601800,0.001972042169317654,EXP_LGBModel_Alpha158_csi300_custom_step0_s_20260803_17,facf590cdc1c49f19bc735b2898efca7,0.507,,,
340,2026-08-03,SH601816,-0.0004623182204887672,EXP_LGBModel_Alpha158_csi300_custom_step0_s_20260803_17,facf590cdc1c49f19bc735b2898efca7,0.507,,,
341,2026-08-03,SH601818,0.010282155884014044,EXP_LGBModel_Alpha158_csi300_custom_step0_s_20260803_17,facf590cdc1c49f19bc735b2898efca7,0.507,,,
342,2026-08-03,SH601825,-0.004912347127798853,EXP_LGBModel_Alpha158_csi300_custom_step0_s_20260803_17,facf590cdc1c49f19bc735b2898efca7,0.507,,,
343,2026-08-03,SH601838,0.013434545317335294,EXP_LGBModel_Alpha158_csi300_custom_step0_s_20260803_17,facf590cdc1c49f19bc735b2898efca7,0.507,,,
344,2026-08-03,SH601857,-0.001157148549617589,EXP_LGBModel_Alpha158_csi300_custom_step0_s_20260803_17,facf590cdc1c49f19bc735b2898efca7,0.507,,,
345,2026-08-03,SH601868,-0.00021441579644165782,EXP_LGBModel_Alpha158_csi300_custom_step0_s_20260803_17,facf590cdc1c49f19bc735b2898efca7,0.507,,,
346,2026-08-03,SH601872,0.020444382698937363,EXP_LGBModel_Alpha158_csi300_custom_step0_s_20260803_17,facf590cdc1c49f19bc735b2898efca7,0.507,,,
347,2026-08-03,SH601877,-0.01357748220005632,EXP_LGBModel_Alpha158_csi300_custom_step0_s_20260803_17,facf590cdc1c49f19bc735b2898efca7,0.507,,,
348,2026-08-03,SH601878,0.010658415578330818,EXP_LGBModel_Alpha158_csi300_custom_step0_s_20260803_17,facf590cdc1c49f19bc735b2898efca7,0.507,,,
349,2026-08-03,SH601881,0.01103638000439741,EXP_LGBModel_Alpha158_csi300_custom_step0_s_20260803_17,facf590cdc1c49f19bc735b2898efca7,0.507,,,
350,2026-08-03,SH601888,-0.003413158411015808,EXP_LGBModel_Alpha158_csi300_custom_step0_s_20260803_17,facf590cdc1c49f19bc735b2898efca7,0.507,,,
351,2026-08-03,SH601898,-0.009998528045828589,EXP_LGBModel_Alpha158_csi300_custom_step0_s_20260803_17,facf590cdc1c49f19bc735b2898efca7,0.507,,,
352,2026-08-03,SH601899,-0.00924764160809151,EXP_LGBModel_Alpha158_csi300_custom_step0_s_20260803_17,facf590cdc1c49f19bc735b2898efca7,0.507,,,
353,2026-08-03,SH601766,-0.005627685842457429,EXP_LGBModel_Alpha158_csi300_custom_step0_s_20260803_17,facf590cdc1c49f19bc735b2898efca7,0.507,,,
354,2026-08-03,SH600918,0.001953613602957007,EXP_LGBModel_Alpha158_csi300_custom_step0_s_20260803_17,facf590cdc1c49f19bc735b2898efca7,0.507,,,
355,2026-08-03,SH601728,-0.004043726637411384,EXP_LGBModel_Alpha158_csi300_custom_step0_s_20260803_17,facf590cdc1c49f19bc735b2898efca7,0.507,,,
356,2026-08-03,SH601698,-2.850895612530484e-10,EXP_LGBModel_Alpha158_csi300_custom_step0_s_20260803_17,facf590cdc1c49f19bc735b2898efca7,0.507,,,
357,2026-08-03,SH601377,0.0084783581644039,EXP_LGBModel_Alpha158_csi300_custom_step0_s_20260803_17,facf590cdc1c49f19bc735b2898efca7,0.507,,,
358,2026-08-03,SH601390,0.0013674158112054443,EXP_LGBModel_Alpha158_csi300_custom_step0_s_20260803_17,facf590cdc1c49f19bc735b2898efca7,0.507,,,
359,2026-08-03,SH601398,-0.0030826130961046417,EXP_LGBModel_Alpha158_csi300_custom_step0_s_20260803_17,facf590cdc1c49f19bc735b2898efca7,0.507,,,
360,2026-08-03,SH601456,0.0084783581644039,EXP_LGBModel_Alpha158_csi300_custom_step0_s_20260803_17,facf590cdc1c49f19bc735b2898efca7,0.507,,,
361,2026-08-03,SH601600,-0.005550948579371955,EXP_LGBModel_Alpha158_csi300_custom_step0_s_20260803_17,facf590cdc1c49f19bc735b2898efca7,0.507,,,
362,2026-08-03,SH601601,0.0013674158112054443,EXP_LGBModel_Alpha158_csi300_custom_step0_s_20260803_17,facf590cdc1c49f19bc735b2898efca7,0.507,,,
363,2026-08-03,SH601607,0.009685930494892877,EXP_LGBModel_Alpha158_csi300_custom_step0_s_20260803_17,facf590cdc1c49f19bc735b2898efca7,0.507,,,
364,2026-08-03,SH601618,0.001810729834380063,EXP_LGBModel_Alpha158_csi300_custom_step0_s_20260803_17,facf590cdc1c49f19bc735b2898efca7,0.507,,,
365,2026-08-03,SH601628,-0.0028657179168722555,EXP_LGBModel_Alpha158_csi300_custom_step0_s_20260803_17,facf590cdc1c49f19bc735b2898efca7,0.507,,,
366,2026-08-03,SH601633,-0.0018297343167837728,EXP_LGBModel_Alpha158_csi300_custom_step0_s_20260803_17,facf590cdc1c49f19bc735b2898efca7,0.507,,,
367,2026-08-03,SH601658,0.013434545317335294,EXP_LGBModel_Alpha158_csi300_custom_step0_s_20260803_17,facf590cdc1c49f19bc735b2898efca7,0.507,,,
368,2026-08-03,SH601668,0.005765726942049966,EXP_LGBModel_Alpha158_csi300_custom_step0_s_20260803_17,facf590cdc1c49f19bc735b2898efca7,0.507,,,
369,2026-08-03,SH601669,0.0013674158112054443,EXP_LGBModel_Alpha158_csi300_custom_step0_s_20260803_17,facf590cdc1c49f19bc735b2898efca7,0.507,,,
370,2026-08-03,SH601688,-0.0018297343167837728,EXP_LGBModel_Alpha158_csi300_custom_step0_s_20260803_17,facf590cdc1c49f19bc735b2898efca7,0.507,,,
371,2026-08-03,SH601689,0.024813818083781768,EXP_LGBModel_Alpha158_csi300_custom_step0_s_20260803_17,facf590cdc1c49f19bc735b2898efca7,0.507,,,
372,2026-08-03,SH601727,-0.01038278633476199,EXP_LGBModel_Alpha158_csi300_custom_step0_s_20260803_17,facf590cdc1c49f19bc735b2898efca7,0.507,,,
373,2026-08-03,SH601901,0.006862894592591999,EXP_LGBModel_Alpha158_csi300_custom_step0_s_20260803_17,facf590cdc1c49f19bc735b2898efca7,0.507,,,
374,2026-08-03,SH600905,0.0013674158112054443,EXP_LGBModel_Alpha158_csi300_custom_step0_s_20260803_17,facf590cdc1c49f19bc735b2898efca7,0.507,,,
375,2026-08-03,SH600893,-0.003618690267139626,EXP_LGBModel_Alpha158_csi300_custom_step0_s_20260803_17,facf590cdc1c49f19bc735b2898efca7,0.507,,,
376,2026-08-03,SH600061,0.010658415578330818,EXP_LGBModel_Alpha158_csi300_custom_step0_s_20260803_17,facf590cdc1c49f19bc735b2898efca7,0.507,,,
377,2026-08-03,SH600066,-0.004982412641307495,EXP_LGBModel_Alpha158_csi300_custom_step0_s_20260803_17,facf590cdc1c49f19bc735b2898efca7,0.507,,,
378,2026-08-03,SH600085,-0.0023427233887022424,EXP_LGBModel_Alpha158_csi300_custom_step0_s_20260803_17,facf590cdc1c49f19bc735b2898efca7,0.507,,,
379,2026-08-03,SH600089,-0.013151206370352312,EXP_LGBModel_Alpha158_csi300_custom_step0_s_20260803_17,facf590cdc1c49f19bc735b2898efca7,0.507,,,
380,2026-08-03,SH600104,-0.005408688471011502,EXP_LGBModel_Alpha158_csi300_custom_step0_s_20260803_17,facf590cdc1c49f19bc735b2898efca7,0.507,,,
381,2026-08-03,SH600111,0.00465019166455554,EXP_LGBModel_Alpha158_csi300_custom_step0_s_20260803_17,facf590cdc1c49f19bc735b2898efca7,0.507,,,
382,2026-08-03,SH600050,-0.0022139926057171727,EXP_LGBModel_Alpha158_csi300_custom_step0_s_20260803_17,facf590cdc1c49f19bc735b2898efca7,0.507,,,
383,2026-08-03,SH600115,-2.850895612530484e-10,EXP_LGBModel_Alpha158_csi300_custom_step0_s_20260803_17,facf590cdc1c49f19bc735b2898efca7,0.507,,,
384,2026-08-03,SH600150,-0.010113340484320332,EXP_LGBModel_Alpha158_csi300_custom_step0_s_20260803_17,facf590cdc1c49f19bc735b2898efca7,0.507,,,
385,2026-08-03,SH600160,-2.850895612530484e-10,EXP_LGBModel_Alpha158_csi300_custom_step0_s_20260803_17,facf590cdc1c49f19bc735b2898efca7,0.507,,,
386,2026-08-03,SH600176,-2.850895612530484e-10,EXP_LGBModel_Alpha158_csi300_custom_step0_s_20260803_17,facf590cdc1c49f19bc735b2898efca7,0.507,,,
387,2026-08-03,SH600183,0.004369435099754843,EXP_LGBModel_Alpha158_csi300_custom_step0_s_20260803_17,facf590cdc1c49f19bc735b2898efca7,0.507,,,
388,2026-08-03,SH600188,-0.013151206370352312,EXP_LGBModel_Alpha158_csi300_custom_step0_s_20260803_17,facf590cdc1c49f19bc735b2898efca7,0.507,,,
389,2026-08-03,SH600196,-0.0010359838851780442,EXP_LGBModel_Alpha158_csi300_custom_step0_s_20260803_17,facf590cdc1c49f19bc735b2898efca7,0.507,,,
390,2026-08-03,SH600118,0.019818077141123904,EXP_LGBModel_Alpha158_csi300_custom_step0_s_20260803_17,facf590cdc1c49f19bc735b2898efca7,0.507,,,
391,2026-08-03,SH600048,-0.0073287547117366555,EXP_LGBModel_Alpha158_csi300_custom_step0_s_20260803_17,facf590cdc1c49f19bc735b2898efca7,0.507,,,
392,2026-08-03,SH600039,-0.0008246146417837585,EXP_LGBModel_Alpha158_csi300_custom_step0_s_20260803_17,facf590cdc1c49f19bc735b2898efca7,0.507,,,
393,2026-08-03,SH600036,-0.002543568558137182,EXP_LGBModel_Alpha158_csi300_custom_step0_s_20260803_17,facf590cdc1c49f19bc735b2898efca7,0.507,,,
394,2026-08-03,SH600009,-0.006127664663092216,EXP_LGBModel_Alpha158_csi300_custom_step0_s_20260803_17,facf590cdc1c49f19bc735b2898efca7,0.507,,,
395,2026-08-03,SH600010,-0.0012503993965301409,EXP_LGBModel_Alpha158_csi300_custom_step0_s_20260803_17,facf590cdc1c49f19bc735b2898efca7,0.507,,,
396,2026-08-03,SH600011,0.00018417270722071192,EXP_LGBModel_Alpha158_csi300_custom_step0_s_20260803_17,facf590cdc1c49f19bc735b2898efca7,0.507,,,
397,2026-08-03,SH600015,0.009922156241079918,EXP_LGBModel_Alpha158_csi300_custom_step0_s_20260803_17,facf590cdc1c49f19bc735b2898efca7,0.507,,,
398,2026-08-03,SH600016,-0.0017733662705749721,EXP_LGBModel_Alpha158_csi300_custom_step0_s_20260803_17,facf590cdc1c49f19bc735b2898efca7,0.507,,,
399,2026-08-03,SH600018,0.00757645706151959,EXP_LGBModel_Alpha158_csi300_custom_step0_s_20260803_17,facf590cdc1c49f19bc735b2898efca7,0.507,,,
400,2026-08-03,SH600019,-0.0003055728602387661,EXP_LGBModel_Alpha158_csi300_custom_step0_s_20260803_17,facf590cdc1c49f19bc735b2898efca7,0.507,,,
401,2026-08-03,SH600023,0.0027479163992734854,EXP_LGBModel_Alpha158_csi300_custom_step0_s_20260803_17,facf590cdc1c49f19bc735b2898efca7,0.507,,,
402,2026-08-03,SH600025,0.009531308351282856,EXP_LGBModel_Alpha158_csi300_custom_step0_s_20260803_17,facf590cdc1c49f19bc735b2898efca7,0.507,,,
403,2026-08-03,SH600026,0.0154486417562795,EXP_LGBModel_Alpha158_csi300_custom_step0_s_20260803_17,facf590cdc1c49f19bc735b2898efca7,0.507,,,
404,2026-08-03,SH600027,0.0013674158112054443,EXP_LGBModel_Alpha158_csi300_custom_step0_s_20260803_17,facf590cdc1c49f19bc735b2898efca7,0.507,,,
405,2026-08-03,SH600028,0.007133143038344971,EXP_LGBModel_Alpha158_csi300_custom_step0_s_20260803_17,facf590cdc1c49f19bc735b2898efca7,0.507,,,
406,2026-08-03,SH600029,0.0025580215549039485,EXP_LGBModel_Alpha158_csi300_custom_step0_s_20260803_17,facf590cdc1c49f19bc735b2898efca7,0.507,,,
407,2026-08-03,SH600030,0.010658415578330818,EXP_LGBModel_Alpha158_csi300_custom_step0_s_20260803_17,facf590cdc1c49f19bc735b2898efca7,0.507,,,
408,2026-08-03,SH600031,-0.009158488743430867,EXP_LGBModel_Alpha158_csi300_custom_step0_s_20260803_17,facf590cdc1c49f19bc735b2898efca7,0.507,,,
409,2026-08-03,SH600219,-0.004982412641307495,EXP_LGBModel_Alpha158_csi300_custom_step0_s_20260803_17,facf590cdc1c49f19bc735b2898efca7,0.507,,,
410,2026-08-03,SH600221,-0.00021441579644165782,EXP_LGBModel_Alpha158_csi300_custom_step0_s_20260803_17,facf590cdc1c49f19bc735b2898efca7,0.507,,,
411,2026-08-03,SH600233,-0.0026746334191189314,EXP_LGBModel_Alpha158_csi300_custom_step0_s_20260803_17,facf590cdc1c49f19bc735b2898efca7,0.507,,,
412,2026-08-03,SH600276,-0.003622590454265699,EXP_LGBModel_Alpha158_csi300_custom_step0_s_20260803_17,facf590cdc1c49f19bc735b2898efca7,0.507,,,
413,2026-08-03,SH600585,-0.0004623182204887672,EXP_LGBModel_Alpha158_csi300_custom_step0_s_20260803_17,facf590cdc1c49f19bc735b2898efca7,0.507,,,
414,2026-08-03,SH600588,-0.00325814059472106,EXP_LGBModel_Alpha158_csi300_custom_step0_s_20260803_17,facf590cdc1c49f19bc735b2898efca7,0.507,,,
415,2026-08-03,SH600600,0.0024679345486189794,EXP_LGBModel_Alpha158_csi300_custom_step0_s_20260803_17,facf590cdc1c49f19bc735b2898efca7,0.507,,,
416,2026-08-03,SH600660,0.0006572044291493551,EXP_LGBModel_Alpha158_csi300_custom_step0_s_20260803_17,facf590cdc1c49f19bc735b2898efca7,0.507,,,
417,2026-08-03,SH600674,0.007133143038344971,EXP_LGBModel_Alpha158_csi300_custom_step0_s_20260803_17,facf590cdc1c49f19bc735b2898efca7,0.507,,,
418,2026-08-03,SH600690,-0.0016729889565337717,EXP_LGBModel_Alpha158_csi300_custom_step0_s_20260803_17,facf590cdc1c49f19bc735b2898efca7,0.507,,,
419,2026-08-03,SH600741,-0.0003055728602387661,EXP_LGBModel_Alpha158_csi300_custom_step0_s_20260803_17,facf590cdc1c49f19bc735b2898efca7,0.507,,,
420,2026-08-03,SH600760,0.00304407546581957,EXP_LGBModel_Alpha158_csi300_custom_step0_s_20260803_17,facf590cdc1c49f19bc735b2898efca7,0.507,,,
421,2026-08-03,SH600795,-0.006134655678461581,EXP_LGBModel_Alpha158_csi300_custom_step0_s_20260803_17,facf590cdc1c49f19bc735b2898efca7,0.507,,,
422,2026-08-03,SH600803,-1.900419731414851e-05,EXP_LGBModel_Alpha158_csi300_custom_step0_s_20260803_17,facf590cdc1c49f19bc735b2898efca7,0.507,,,
423,2026-08-03,SH600809,-0.004825667281057494,EXP_LGBModel_Alpha158_csi300_custom_step0_s_20260803_17,facf590cdc1c49f19bc735b2898efca7,0.507,,,
424,2026-08-03,SH600845,-0.013151206370352312,EXP_LGBModel_Alpha158_csi300_custom_step0_s_20260803_17,facf590cdc1c49f19bc735b2898efca7,0.507,,,
425,2026-08-03,SH600875,-0.009998528045828589,EXP_LGBModel_Alpha158_csi300_custom_step0_s_20260803_17,facf590cdc1c49f19bc735b2898efca7,0.507,,,
426,2026-08-03,SH600886,0.00298959720304549,EXP_LGBModel_Alpha158_csi300_custom_step0_s_20260803_17,facf590cdc1c49f19bc735b2898efca7,0.507,,,
427,2026-08-03,SH600887,-0.0005263861340326273,EXP_LGBModel_Alpha158_csi300_custom_step0_s_20260803_17,facf590cdc1c49f19bc735b2898efca7,0.507,,,
428,2026-08-03,SH600584,0.00923404256075204,EXP_LGBModel_Alpha158_csi300_custom_step0_s_20260803_17,facf590cdc1c49f19bc735b2898efca7,0.507,,,
429,2026-08-03,SH600900,0.009531308351282856,EXP_LGBModel_Alpha158_csi300_custom_step0_s_20260803_17,facf590cdc1c49f19bc735b2898efca7,0.507,,,
430,2026-08-03,SH600570,-0.006842236699676095,EXP_LGBModel_Alpha158_csi300_custom_step0_s_20260803_17,facf590cdc1c49f19bc735b2898efca7,0.507,,,
431,2026-08-03,SH600547,-0.009158488743430867,EXP_LGBModel_Alpha158_csi300_custom_step0_s_20260803_17,facf590cdc1c49f19bc735b2898efca7,0.507,,,
432,2026-08-03,SH600309,-0.001999297151006035,EXP_LGBModel_Alpha158_csi300_custom_step0_s_20260803_17,facf590cdc1c49f19bc735b2898efca7,0.507,,,
433,2026-08-03,SH600346,-0.0039001359843464645,EXP_LGBModel_Alpha158_csi300_custom_step0_s_20260803_17,facf590cdc1c49f19bc735b2898efca7,0.507,,,
434,2026-08-03,SH600362,-0.007041794018995627,EXP_LGBModel_Alpha158_csi300_custom_step0_s_20260803_17,facf590cdc1c49f19bc735b2898efca7,0.507,,,
435,2026-08-03,SH600372,0.005270652777257882,EXP_LGBModel_Alpha158_csi300_custom_step0_s_20260803_17,facf590cdc1c49f19bc735b2898efca7,0.507,,,
436,2026-08-03,SH600406,-0.004982412641307495,EXP_LGBModel_Alpha158_csi300_custom_step0_s_20260803_17,facf590cdc1c49f19bc735b2898efca7,0.507,,,
437,2026-08-03,SH600415,-0.012826595762319242,EXP_LGBModel_Alpha158_csi300_custom_step0_s_20260803_17,facf590cdc1c49f19bc735b2898efca7,0.507,,,
438,2026-08-03,SH600426,-0.009998528045828589,EXP_LGBModel_Alpha158_csi300_custom_step0_s_20260803_17,facf590cdc1c49f19bc735b2898efca7,0.507,,,
439,2026-08-03,SH600436,0.004369435099754843,EXP_LGBModel_Alpha158_csi300_custom_step0_s_20260803_17,facf590cdc1c49f19bc735b2898efca7,0.507,,,
440,2026-08-03,SH600438,0.003099923014854133,EXP_LGBModel_Alpha158_csi300_custom_step0_s_20260803_17,facf590cdc1c49f19bc735b2898efca7,0.507,,,
441,2026-08-03,SH600460,0.00923404256075204,EXP_LGBModel_Alpha158_csi300_custom_step0_s_20260803_17,facf590cdc1c49f19bc735b2898efca7,0.507,,,
442,2026-08-03,SH600482,-0.0113214723386581,EXP_LGBModel_Alpha158_csi300_custom_step0_s_20260803_17,facf590cdc1c49f19bc735b2898efca7,0.507,,,
443,2026-08-03,SH600489,-0.009158488743430867,EXP_LGBModel_Alpha158_csi300_custom_step0_s_20260803_17,facf590cdc1c49f19bc735b2898efca7,0.507,,,
444,2026-08-03,SH600515,0.004910653134323758,EXP_LGBModel_Alpha158_csi300_custom_step0_s_20260803_17,facf590cdc1c49f19bc735b2898efca7,0.507,,,
445,2026-08-03,SH600519,0.0006379784116962235,EXP_LGBModel_Alpha158_csi300_custom_step0_s_20260803_17,facf590cdc1c49f19bc735b2898efca7,0.507,,,
446,2026-08-03,SH600522,0.0154486417562795,EXP_LGBModel_Alpha158_csi300_custom_step0_s_20260803_17,facf590cdc1c49f19bc735b2898efca7,0.507,,,
447,2026-08-03,SH600549,0.019818077141123904,EXP_LGBModel_Alpha158_csi300_custom_step0_s_20260803_17,facf590cdc1c49f19bc735b2898efca7,0.507,,,
448,2026-08-03,SH601916,0.004910653134323758,EXP_LGBModel_Alpha158_csi300_custom_step0_s_20260803_17,facf590cdc1c49f19bc735b2898efca7,0.507,,,
449,2026-08-03,SH601919,0.0013674158112054443,EXP_LGBModel_Alpha158_csi300_custom_step0_s_20260803_17,facf590cdc1c49f19bc735b2898efca7,0.507,,,
450,2026-08-03,SH601939,-0.00046293244855133637,EXP_LGBModel_Alpha158_csi300_custom_step0_s_20260803_17,facf590cdc1c49f19bc735b2898efca7,0.507,,,
451,2026-08-03,SZ002460,0.024813818083781768,EXP_LGBModel_Alpha158_csi300_custom_step0_s_20260803_17,facf590cdc1c49f19bc735b2898efca7,0.507,,,
452,2026-08-03,SZ002463,0.014953469680126705,EXP_LGBModel_Alpha158_csi300_custom_step0_s_20260803_17,facf590cdc1c49f19bc735b2898efca7,0.507,,,
453,2026-08-03,SZ002466,0.014953469680126705,EXP_LGBModel_Alpha158_csi300_custom_step0_s_20260803_17,facf590cdc1c49f19bc735b2898efca7,0.507,,,
454,2026-08-03,SZ002475,0.004995740657568303,EXP_LGBModel_Alpha158_csi300_custom_step0_s_20260803_17,facf590cdc1c49f19bc735b2898efca7,0.507,,,
455,2026-08-03,SZ002493,-1.900419731414851e-05,EXP_LGBModel_Alpha158_csi300_custom_step0_s_20260803_17,facf590cdc1c49f19bc735b2898efca7,0.507,,,
456,2026-08-03,SZ002532,-0.009998528045828589,EXP_LGBModel_Alpha158_csi300_custom_step0_s_20260803_17,facf590cdc1c49f19bc735b2898efca7,0.507,,,
457,2026-08-03,SZ002422,0.014953469680126705,EXP_LGBModel_Alpha158_csi300_custom_step0_s_20260803_17,facf590cdc1c49f19bc735b2898efca7,0.507,,,
458,2026-08-03,SZ002558,-0.006842236699676095,EXP_LGBModel_Alpha158_csi300_custom_step0_s_20260803_17,facf590cdc1c49f19bc735b2898efca7,0.507,,,
459,2026-08-03,SZ002600,0.0048646071759076365,EXP_LGBModel_Alpha158_csi300_custom_step0_s_20260803_17,facf590cdc1c49f19bc735b2898efca7,0.507,,,
460,2026-08-03,SZ002602,-0.013151206370352312,EXP_LGBModel_Alpha158_csi300_custom_step0_s_20260803_17,facf590cdc1c49f19bc735b2898efca7,0.507,,,
461,2026-08-03,SZ002625,-0.004357607093885704,EXP_LGBModel_Alpha158_csi300_custom_step0_s_20260803_17,facf590cdc1c49f19bc735b2898efca7,0.507,,,
462,2026-08-03,SZ002648,-2.850895612530484e-10,EXP_LGBModel_Alpha158_csi300_custom_step0_s_20260803_17,facf590cdc1c49f19bc735b2898efca7,0.507,,,
463,2026-08-03,SZ002709,0.014953469680126705,EXP_LGBModel_Alpha158_csi300_custom_step0_s_20260803_17,facf590cdc1c49f19bc735b2898efca7,0.507,,,
464,2026-08-03,SZ002714,0.005596862922367475,EXP_LGBModel_Alpha158_csi300_custom_step0_s_20260803_17,facf590cdc1c49f19bc735b2898efca7,0.507,,,
465,2026-08-03,SZ002594,0.005093134651608797,EXP_LGBModel_Alpha158_csi300_custom_step0_s_20260803_17,facf590cdc1c49f19bc735b2898efca7,0.507,,,
466,2026-08-03,SZ002415,0.0018923616643222595,EXP_LGBModel_Alpha158_csi300_custom_step0_s_20260803_17,facf590cdc1c49f19bc735b2898efca7,0.507,,,
467,2026-08-03,SZ002384,0.004369435099754843,EXP_LGBModel_Alpha158_csi300_custom_step0_s_20260803_17,facf590cdc1c49f19bc735b2898efca7,0.507,,,
468,2026-08-03,SZ002371,0.004369435099754843,EXP_LGBModel_Alpha158_csi300_custom_step0_s_20260803_17,facf590cdc1c49f19bc735b2898efca7,0.507,,,
469,2026-08-03,SZ002027,-0.009942159999619789,EXP_LGBModel_Alpha158_csi300_custom_step0_s_20260803_17,facf590cdc1c49f19bc735b2898efca7,0.507,,,
470,2026-08-03,SZ002028,-0.009158488743430867,EXP_LGBModel_Alpha158_csi300_custom_step0_s_20260803_17,facf590cdc1c49f19bc735b2898efca7,0.507,,,
471,2026-08-03,SZ002049,-2.850895612530484e-10,EXP_LGBModel_Alpha158_csi300_custom_step0_s_20260803_17,facf590cdc1c49f19bc735b2898efca7,0.507,,,
472,2026-08-03,SZ002050,0.024813818083781768,EXP_LGBModel_Alpha158_csi300_custom_step0_s_20260803_17,facf590cdc1c49f19bc735b2898efca7,0.507,,,
473,2026-08-03,SZ002074,-0.013151206370352312,EXP_LGBModel_Alpha158_csi300_custom_step0_s_20260803_17,facf590cdc1c49f19bc735b2898efca7,0.507,,,
474,2026-08-03,SZ002142,0.012532644214450984,EXP_LGBModel_Alpha158_csi300_custom_step0_s_20260803_17,facf590cdc1c49f19bc735b2898efca7,0.507,,,
475,2026-08-03,SZ002179,-2.850895612530484e-10,EXP_LGBModel_Alpha158_csi300_custom_step0_s_20260803_17,facf590cdc1c49f19bc735b2898efca7,0.507,,,
476,2026-08-03,SZ002202,0.024813818083781768,EXP_LGBModel_Alpha158_csi300_custom_step0_s_20260803_17,facf590cdc1c49f19bc735b2898efca7,0.507,,,
477,2026-08-03,SZ002230,-0.00325814059472106,EXP_LGBModel_Alpha158_csi300_custom_step0_s_20260803_17,facf590cdc1c49f19bc735b2898efca7,0.507,,,
478,2026-08-03,SZ002236,0.013434545317335294,EXP_LGBModel_Alpha158_csi300_custom_step0_s_20260803_17,facf590cdc1c49f19bc735b2898efca7,0.507,,,
479,2026-08-03,SZ002241,-0.007739932764403346,EXP_LGBModel_Alpha158_csi300_custom_step0_s_20260803_17,facf590cdc1c49f19bc735b2898efca7,0.507,,,
480,2026-08-03,SZ002304,0.0015141804973810664,EXP_LGBModel_Alpha158_csi300_custom_step0_s_20260803_17,facf590cdc1c49f19bc735b2898efca7,0.507,,,
481,2026-08-03,SZ002311,0.005174294766852799,EXP_LGBModel_Alpha158_csi300_custom_step0_s_20260803_17,facf590cdc1c49f19bc735b2898efca7,0.507,,,
482,2026-08-03,SZ002352,0.010022791983246702,EXP_LGBModel_Alpha158_csi300_custom_step0_s_20260803_17,facf590cdc1c49f19bc735b2898efca7,0.507,,,
483,2026-08-03,SZ002353,0.019818077141123904,EXP_LGBModel_Alpha158_csi300_custom_step0_s_20260803_17,facf590cdc1c49f19bc735b2898efca7,0.507,,,
484,2026-08-03,SZ002736,0.008260250265392934,EXP_LGBModel_Alpha158_csi300_custom_step0_s_20260803_17,facf590cdc1c49f19bc735b2898efca7,0.507,,,
485,2026-08-03,SZ002837,0.00923404256075204,EXP_LGBModel_Alpha158_csi300_custom_step0_s_20260803_17,facf590cdc1c49f19bc735b2898efca7,0.507,,,
486,2026-08-03,SZ002916,0.019818077141123904,EXP_LGBModel_Alpha158_csi300_custom_step0_s_20260803_17,facf590cdc1c49f19bc735b2898efca7,0.507,,,
487,2026-08-03,SZ002920,-0.010113340484320332,EXP_LGBModel_Alpha158_csi300_custom_step0_s_20260803_17,facf590cdc1c49f19bc735b2898efca7,0.507,,,
488,2026-08-03,SZ300476,0.019818077141123904,EXP_LGBModel_Alpha158_csi300_custom_step0_s_20260803_17,facf590cdc1c49f19bc735b2898efca7,0.507,,,
489,2026-08-03,SZ300498,0.004234681209518074,EXP_LGBModel_Alpha158_csi300_custom_step0_s_20260803_17,facf590cdc1c49f19bc735b2898efca7,0.507,,,
490,2026-08-03,SZ300502,0.024813818083781768,EXP_LGBModel_Alpha158_csi300_custom_step0_s_20260803_17,facf590cdc1c49f19bc735b2898efca7,0.507,,,
491,2026-08-03,SZ300628,0.0019286760654754606,EXP_LGBModel_Alpha158_csi300_custom_step0_s_20260803_17,facf590cdc1c49f19bc735b2898efca7,0.507,,,
492,2026-08-03,SZ300661,0.019818077141123904,EXP_LGBModel_Alpha158_csi300_custom_step0_s_20260803_17,facf590cdc1c49f19bc735b2898efca7,0.507,,,
493,2026-08-03,SZ300750,-0.0015474190118898458,EXP_LGBModel_Alpha158_csi300_custom_step0_s_20260803_17,facf590cdc1c49f19bc735b2898efca7,0.507,,,
494,2026-08-03,SZ300760,-0.008813716505654726,EXP_LGBModel_Alpha158_csi300_custom_step0_s_20260803_17,facf590cdc1c49f19bc735b2898efca7,0.507,,,
495,2026-08-03,SZ300803,0.00923404256075204,EXP_LGBModel_Alpha158_csi300_custom_step0_s_20260803_17,facf590cdc1c49f19bc735b2898efca7,0.507,,,
496,2026-08-03,SZ300832,-0.0056610381811310045,EXP_LGBModel_Alpha158_csi300_custom_step0_s_20260803_17,facf590cdc1c49f19bc735b2898efca7,0.507,,,
497,2026-08-03,SZ300866,-0.004638394322612139,EXP_LGBModel_Alpha158_csi300_custom_step0_s_20260803_17,facf590cdc1c49f19bc735b2898efca7,0.507,,,
498,2026-08-03,SZ300896,-0.009998528045828589,EXP_LGBModel_Alpha158_csi300_custom_step0_s_20260803_17,facf590cdc1c49f19bc735b2898efca7,0.507,,,
499,2026-08-03,SZ300999,0.0045736713853952934,EXP_LGBModel_Alpha158_csi300_custom_step0_s_20260803_17,facf590cdc1c49f19bc735b2898efca7,0.507,,,
500,2026-08-03,SZ301165,0.019818077141123904,EXP_LGBModel_Alpha158_csi300_custom_step0_s_20260803_17,facf590cdc1c49f19bc735b2898efca7,0.507,,,
501,2026-08-03,SZ301236,-0.013151206370352312,EXP_LGBModel_Alpha158_csi300_custom_step0_s_20260803_17,facf590cdc1c49f19bc735b2898efca7,0.507,,,
502,2026-08-03,SZ301269,-2.850895612530484e-10,EXP_LGBModel_Alpha158_csi300_custom_step0_s_20260803_17,facf590cdc1c49f19bc735b2898efca7,0.507,,,
503,2026-08-03,SZ300450,0.014953469680126705,EXP_LGBModel_Alpha158_csi300_custom_step0_s_20260803_17,facf590cdc1c49f19bc735b2898efca7,0.507,,,
504,2026-08-03,SZ002001,0.002829482208931986,EXP_LGBModel_Alpha158_csi300_custom_step0_s_20260803_17,facf590cdc1c49f19bc735b2898efca7,0.507,,,
505,2026-08-03,SZ300442,0.024813818083781768,EXP_LGBModel_Alpha158_csi300_custom_step0_s_20260803_17,facf590cdc1c49f19bc735b2898efca7,0.507,,,
506,2026-08-03,SZ300418,0.014953469680126705,EXP_LGBModel_Alpha158_csi300_custom_step0_s_20260803_17,facf590cdc1c49f19bc735b2898efca7,0.507,,,
507,2026-08-03,SZ002938,-2.850895612530484e-10,EXP_LGBModel_Alpha158_csi300_custom_step0_s_20260803_17,facf590cdc1c49f19bc735b2898efca7,0.507,,,
508,2026-08-03,SZ003816,0.001810729834380063,EXP_LGBModel_Alpha158_csi300_custom_step0_s_20260803_17,facf590cdc1c49f19bc735b2898efca7,0.507,,,
509,2026-08-03,SZ300014,0.005935864205656558,EXP_LGBModel_Alpha158_csi300_custom_step0_s_20260803_17,facf590cdc1c49f19bc735b2898efca7,0.507,,,
510,2026-08-03,SZ300015,-0.005329457845820181,EXP_LGBModel_Alpha158_csi300_custom_step0_s_20260803_17,facf590cdc1c49f19bc735b2898efca7,0.507,,,
511,2026-08-03,SZ300033,-0.007159191877514393,EXP_LGBModel_Alpha158_csi300_custom_step0_s_20260803_17,facf590cdc1c49f19bc735b2898efca7,0.507,,,
512,2026-08-03,SZ300059,0.005406507961150084,EXP_LGBModel_Alpha158_csi300_custom_step0_s_20260803_17,facf590cdc1c49f19bc735b2898efca7,0.507,,,
513,2026-08-03,SZ300122,-0.0073287547117366555,EXP_LGBModel_Alpha158_csi300_custom_step0_s_20260803_17,facf590cdc1c49f19bc735b2898efca7,0.507,,,
514,2026-08-03,SZ300124,-0.01357748220005632,EXP_LGBModel_Alpha158_csi300_custom_step0_s_20260803_17,facf590cdc1c49f19bc735b2898efca7,0.507,,,
515,2026-08-03,SZ300251,-0.009158488743430867,EXP_LGBModel_Alpha158_csi300_custom_step0_s_20260803_17,facf590cdc1c49f19bc735b2898efca7,0.507,,,
516,2026-08-03,SZ300274,0.014229783503409903,EXP_LGBModel_Alpha158_csi300_custom_step0_s_20260803_17,facf590cdc1c49f19bc735b2898efca7,0.507,,,
517,2026-08-03,SZ300308,0.024813818083781768,EXP_LGBModel_Alpha158_csi300_custom_step0_s_20260803_17,facf590cdc1c49f19bc735b2898efca7,0.507,,,
518,2026-08-03,SZ300316,-2.850895612530484e-10,EXP_LGBModel_Alpha158_csi300_custom_step0_s_20260803_17,facf590cdc1c49f19bc735b2898efca7,0.507,,,
519,2026-08-03,SZ300394,0.00923404256075204,EXP_LGBModel_Alpha158_csi300_custom_step0_s_20260803_17,facf590cdc1c49f19bc735b2898efca7,0.507,,,
520,2026-08-03,SZ300408,0.019818077141123904,EXP_LGBModel_Alpha158_csi300_custom_step0_s_20260803_17,facf590cdc1c49f19bc735b2898efca7,0.507,,,
521,2026-08-03,SZ300413,-0.002849519072754649,EXP_LGBModel_Alpha158_csi300_custom_step0_s_20260803_17,facf590cdc1c49f19bc735b2898efca7,0.507,,,
522,2026-08-03,SZ300433,0.014229783503409903,EXP_LGBModel_Alpha158_csi300_custom_step0_s_20260803_17,facf590cdc1c49f19bc735b2898efca7,0.507,,,
523,2026-08-03,SZ001979,-0.004176076387212933,EXP_LGBModel_Alpha158_csi300_custom_step0_s_20260803_17,facf590cdc1c49f19bc735b2898efca7,0.507,,,
524,2026-08-03,SZ001965,-0.0030826130961046417,EXP_LGBModel_Alpha158_csi300_custom_step0_s_20260803_17,facf590cdc1c49f19bc735b2898efca7,0.507,,,
525,2026-08-03,SZ001391,-0.00021441579644165782,EXP_LGBModel_Alpha158_csi300_custom_step0_s_20260803_17,facf590cdc1c49f19bc735b2898efca7,0.507,,,
526,2026-08-03,SH688009,0.004549184886267394,EXP_LGBModel_Alpha158_csi300_custom_step0_s_20260803_17,facf590cdc1c49f19bc735b2898efca7,0.507,,,
527,2026-08-03,SH688012,0.009365176042412708,EXP_LGBModel_Alpha158_csi300_custom_step0_s_20260803_17,facf590cdc1c49f19bc735b2898efca7,0.507,,,
528,2026-08-03,SH688036,-0.011034511645917072,EXP_LGBModel_Alpha158_csi300_custom_step0_s_20260803_17,facf590cdc1c49f19bc735b2898efca7,0.507,,,
529,2026-08-03,SH688041,0.004369435099754843,EXP_LGBModel_Alpha158_csi300_custom_step0_s_20260803_17,facf590cdc1c49f19bc735b2898efca7,0.507,,,
530,2026-08-03,SH688047,0.014953469680126705,EXP_LGBModel_Alpha158_csi300_custom_step0_s_20260803_17,facf590cdc1c49f19bc735b2898efca7,0.507,,,
531,2026-08-03,SH688072,0.009365176042412708,EXP_LGBModel_Alpha158_csi300_custom_step0_s_20260803_17,facf590cdc1c49f19bc735b2898efca7,0.507,,,
532,2026-08-03,SH688082,0.004369435099754843,EXP_LGBModel_Alpha158_csi300_custom_step0_s_20260803_17,facf590cdc1c49f19bc735b2898efca7,0.507,,,
533,2026-08-03,SH688111,0.007397591880256885,EXP_LGBModel_Alpha158_csi300_custom_step0_s_20260803_17,facf590cdc1c49f19bc735b2898efca7,0.507,,,
534,2026-08-03,SH688126,0.004369435099754843,EXP_LGBModel_Alpha158_csi300_custom_step0_s_20260803_17,facf590cdc1c49f19bc735b2898efca7,0.507,,,
535,2026-08-03,SH688183,0.019818077141123904,EXP_LGBModel_Alpha158_csi300_custom_step0_s_20260803_17,facf590cdc1c49f19bc735b2898efca7,0.507,,,
536,2026-08-03,SH688223,-0.005068870714190684,EXP_LGBModel_Alpha158_csi300_custom_step0_s_20260803_17,facf590cdc1c49f19bc735b2898efca7,0.507,,,
537,2026-08-03,SH688256,0.004369435099754843,EXP_LGBModel_Alpha158_csi300_custom_step0_s_20260803_17,facf590cdc1c49f19bc735b2898efca7,0.507,,,
538,2026-08-03,SH688271,-0.005408688471011502,EXP_LGBModel_Alpha158_csi300_custom_step0_s_20260803_17,facf590cdc1c49f19bc735b2898efca7,0.507,,,
539,2026-08-03,SH688303,-0.005408688471011502,EXP_LGBModel_Alpha158_csi300_custom_step0_s_20260803_17,facf590cdc1c49f19bc735b2898efca7,0.507,,,
540,2026-08-03,SH688396,0.014229783503409903,EXP_LGBModel_Alpha158_csi300_custom_step0_s_20260803_17,facf590cdc1c49f19bc735b2898efca7,0.507,,,
541,2026-08-03,SH688008,0.01994921062278457,EXP_LGBModel_Alpha158_csi300_custom_step0_s_20260803_17,facf590cdc1c49f19bc735b2898efca7,0.507,,,
542,2026-08-03,SH688472,-0.0044327893826946775,EXP_LGBModel_Alpha158_csi300_custom_step0_s_20260803_17,facf590cdc1c49f19bc735b2898efca7,0.507,,,
543,2026-08-03,SH605499,-0.008187797926358965,EXP_LGBModel_Alpha158_csi300_custom_step0_s_20260803_17,facf590cdc1c49f19bc735b2898efca7,0.507,,,
544,2026-08-03,SH603993,-0.00400651355299067,EXP_LGBModel_Alpha158_csi300_custom_step0_s_20260803_17,facf590cdc1c49f19bc735b2898efca7,0.507,,,
545,2026-08-03,SH601985,0.007945784355976884,EXP_LGBModel_Alpha158_csi300_custom_step0_s_20260803_17,facf590cdc1c49f19bc735b2898efca7,0.507,,,
546,2026-08-03,SH601988,0.009974622374457474,EXP_LGBModel_Alpha158_csi300_custom_step0_s_20260803_17,facf590cdc1c49f19bc735b2898efca7,0.507,,,
547,2026-08-03,SH601995,-0.0010359838851780442,EXP_LGBModel_Alpha158_csi300_custom_step0_s_20260803_17,facf590cdc1c49f19bc735b2898efca7,0.507,,,
548,2026-08-03,SH601998,-0.007436911488621887,EXP_LGBModel_Alpha158_csi300_custom_step0_s_20260803_17,facf590cdc1c49f19bc735b2898efca7,0.507,,,
549,2026-08-03,SH603019,-0.008734865769570445,EXP_LGBModel_Alpha158_csi300_custom_step0_s_20260803_17,facf590cdc1c49f19bc735b2898efca7,0.507,,,
550,2026-08-03,SH603259,-0.0010359838851780442,EXP_LGBModel_Alpha158_csi300_custom_step0_s_20260803_17,facf590cdc1c49f19bc735b2898efca7,0.507,,,
551,2026-08-03,SH603260,0.0154486417562795,EXP_LGBModel_Alpha158_csi300_custom_step0_s_20260803_17,facf590cdc1c49f19bc735b2898efca7,0.507,,,
552,2026-08-03,SH603288,0.006460550747903802,EXP_LGBModel_Alpha158_csi300_custom_step0_s_20260803_17,facf590cdc1c49f19bc735b2898efca7,0.507,,,
553,2026-08-03,SH603296,-0.013151206370352312,EXP_LGBModel_Alpha158_csi300_custom_step0_s_20260803_17,facf590cdc1c49f19bc735b2898efca7,0.507,,,
554,2026-08-03,SH603369,-0.009239992335358733,EXP_LGBModel_Alpha158_csi300_custom_step0_s_20260803_17,facf590cdc1c49f19bc735b2898efca7,0.507,,,
555,2026-08-03,SH603392,-0.005408688471011502,EXP_LGBModel_Alpha158_csi300_custom_step0_s_20260803_17,facf590cdc1c49f19bc735b2898efca7,0.507,,,
556,2026-08-03,SH603501,-0.010564599801264656,EXP_LGBModel_Alpha158_csi300_custom_step0_s_20260803_17,facf590cdc1c49f19bc735b2898efca7,0.507,,,
557,2026-08-03,SH603799,0.020889334170872825,EXP_LGBModel_Alpha158_csi300_custom_step0_s_20260803_17,facf590cdc1c49f19bc735b2898efca7,0.507,,,
558,2026-08-03,SH603893,-0.0012932090274743427,EXP_LGBModel_Alpha158_csi300_custom_step0_s_20260803_17,facf590cdc1c49f19bc735b2898efca7,0.507,,,
559,2026-08-03,SH603986,-2.850895612530484e-10,EXP_LGBModel_Alpha158_csi300_custom_step0_s_20260803_17,facf590cdc1c49f19bc735b2898efca7,0.507,,,
560,2026-08-03,SH605117,0.014229783503409903,EXP_LGBModel_Alpha158_csi300_custom_step0_s_20260803_17,facf590cdc1c49f19bc735b2898efca7,0.507,,,
561,2026-08-03,SZ301308,0.149373523328547,EXP_DEnsembleModel_Alpha158_csi300_custom_step0_s_20260803_15,5000e8cc2a094f14adeb6094093ef883,0.493,,,
562,2026-08-03,SH688506,-0.006325731396000236,EXP_LGBModel_Alpha158_csi300_custom_step0_s_20260803_17,facf590cdc1c49f19bc735b2898efca7,0.507,,,
563,2026-08-03,SH688981,0.009365176042412708,EXP_LGBModel_Alpha158_csi300_custom_step0_s_20260803_17,facf590cdc1c49f19bc735b2898efca7,0.507,,,
564,2026-08-03,SZ000708,-0.002543568558137182,EXP_LGBModel_Alpha158_csi300_custom_step0_s_20260803_17,facf590cdc1c49f19bc735b2898efca7,0.507,,,
565,2026-08-03,SZ000725,-2.850895612530484e-10,EXP_LGBModel_Alpha158_csi300_custom_step0_s_20260803_17,facf590cdc1c49f19bc735b2898efca7,0.507,,,
566,2026-08-03,SZ000768,-0.0022139926057171727,EXP_LGBModel_Alpha158_csi300_custom_step0_s_20260803_17,facf590cdc1c49f19bc735b2898efca7,0.507,,,
567,2026-08-03,SZ000776,-0.011034511645917072,EXP_LGBModel_Alpha158_csi300_custom_step0_s_20260803_17,facf590cdc1c49f19bc735b2898efca7,0.507,,,
568,2026-08-03,SZ000792,-0.0018297343167837728,EXP_LGBModel_Alpha158_csi300_custom_step0_s_20260803_17,facf590cdc1c49f19bc735b2898efca7,0.507,,,
569,2026-08-03,SZ000807,-0.006358063894664754,EXP_LGBModel_Alpha158_csi300_custom_step0_s_20260803_17,facf590cdc1c49f19bc735b2898efca7,0.507,,,
570,2026-08-03,SZ000858,-0.003152678609613284,EXP_LGBModel_Alpha158_csi300_custom_step0_s_20260803_17,facf590cdc1c49f19bc735b2898efca7,0.507,,,
571,2026-08-03,SZ000895,0.00013774116293585256,EXP_LGBModel_Alpha158_csi300_custom_step0_s_20260803_17,facf590cdc1c49f19bc735b2898efca7,0.507,,,
572,2026-08-03,SZ000938,0.019818077141123904,EXP_LGBModel_Alpha158_csi300_custom_step0_s_20260803_17,facf590cdc1c49f19bc735b2898efca7,0.507,,,
573,2026-08-03,SZ000963,0.002029032131271642,EXP_LGBModel_Alpha158_csi300_custom_step0_s_20260803_17,facf590cdc1c49f19bc735b2898efca7,0.507,,,
574,2026-08-03,SZ000975,-0.002333013769078791,EXP_LGBModel_Alpha158_csi300_custom_step0_s_20260803_17,facf590cdc1c49f19bc735b2898efca7,0.507,,,
575,2026-08-03,SZ000977,0.014953469680126705,EXP_LGBModel_Alpha158_csi300_custom_step0_s_20260803_17,facf590cdc1c49f19bc735b2898efca7,0.507,,,
576,2026-08-03,SZ000988,0.00923404256075204,EXP_LGBModel_Alpha158_csi300_custom_step0_s_20260803_17,facf590cdc1c49f19bc735b2898efca7,0.507,,,
577,2026-08-03,SZ000999,-0.001765421284687265,EXP_LGBModel_Alpha158_csi300_custom_step0_s_20260803_17,facf590cdc1c49f19bc735b2898efca7,0.507,,,
578,2026-08-03,SZ001280,-0.013151206370352312,EXP_LGBModel_Alpha158_csi300_custom_step0_s_20260803_17,facf590cdc1c49f19bc735b2898efca7,0.507,,,
579,2026-08-03,SZ000657,0.0048646071759076365,EXP_LGBModel_Alpha158_csi300_custom_step0_s_20260803_17,facf590cdc1c49f19bc735b2898efca7,0.507,,,
580,2026-08-03,SH688521,0.019818077141123904,EXP_LGBModel_Alpha158_csi300_custom_step0_s_20260803_17,facf590cdc1c49f19bc735b2898efca7,0.507,,,
581,2026-08-03,SZ000651,0.001810729834380063,EXP_LGBModel_Alpha158_csi300_custom_step0_s_20260803_17,facf590cdc1c49f19bc735b2898efca7,0.507,,,
582,2026-08-03,SZ000625,-0.005408688471011502,EXP_LGBModel_Alpha158_csi300_custom_step0_s_20260803_17,facf590cdc1c49f19bc735b2898efca7,0.507,,,
583,2026-08-03,SZ000001,0.004048725532278479,EXP_LGBModel_Alpha158_csi300_custom_step0_s_20260803_17,facf590cdc1c49f19bc735b2898efca7,0.507,,,
584,2026-08-03,SZ000002,-0.010113340484320332,EXP_LGBModel_Alpha158_csi300_custom_step0_s_20260803_17,facf590cdc1c49f19bc735b2898efca7,0.507,,,
585,2026-08-03,SZ000063,-0.009625913797368546,EXP_LGBModel_Alpha158_csi300_custom_step0_s_20260803_17,facf590cdc1c49f19bc735b2898efca7,0.507,,,
586,2026-08-03,SZ000100,-0.010564599801264656,EXP_LGBModel_Alpha158_csi300_custom_step0_s_20260803_17,facf590cdc1c49f19bc735b2898efca7,0.507,,,
587,2026-08-03,SZ000157,-0.0013067397886137595,EXP_LGBModel_Alpha158_csi300_custom_step0_s_20260803_17,facf590cdc1c49f19bc735b2898efca7,0.507,,,
588,2026-08-03,SZ000166,0.013434545317335294,EXP_LGBModel_Alpha158_csi300_custom_step0_s_20260803_17,facf590cdc1c49f19bc735b2898efca7,0.507,,,
589,2026-08-03,SZ000301,-0.006043023503327858,EXP_LGBModel_Alpha158_csi300_custom_step0_s_20260803_17,facf590cdc1c49f19bc735b2898efca7,0.507,,,
590,2026-08-03,SZ000333,0.006517836771443068,EXP_LGBModel_Alpha158_csi300_custom_step0_s_20260803_17,facf590cdc1c49f19bc735b2898efca7,0.507,,,
591,2026-08-03,SZ000338,-0.0018297343167837728,EXP_LGBModel_Alpha158_csi300_custom_step0_s_20260803_17,facf590cdc1c49f19bc735b2898efca7,0.507,,,
592,2026-08-03,SZ000408,-0.0004623182204887672,EXP_LGBModel_Alpha158_csi300_custom_step0_s_20260803_17,facf590cdc1c49f19bc735b2898efca7,0.507,,,
593,2026-08-03,SZ000425,-0.0113214723386581,EXP_LGBModel_Alpha158_csi300_custom_step0_s_20260803_17,facf590cdc1c49f19bc735b2898efca7,0.507,,,
594,2026-08-03,SZ000538,0.009756514475446508,EXP_LGBModel_Alpha158_csi300_custom_step0_s_20260803_17,facf590cdc1c49f19bc735b2898efca7,0.507,,,
595,2026-08-03,SZ000568,-0.0025904692207596447,EXP_LGBModel_Alpha158_csi300_custom_step0_s_20260803_17,facf590cdc1c49f19bc735b2898efca7,0.507,,,
596,2026-08-03,SZ000596,-0.0113214723386581,EXP_LGBModel_Alpha158_csi300_custom_step0_s_20260803_17,facf590cdc1c49f19bc735b2898efca7,0.507,,,
597,2026-08-03,SZ000617,-0.0113214723386581,EXP_LGBModel_Alpha158_csi300_custom_step0_s_20260803_17,facf590cdc1c49f19bc735b2898efca7,0.507,,,
598,2026-08-03,SZ000630,-0.005426475498653513,EXP_LGBModel_Alpha158_csi300_custom_step0_s_20260803_17,facf590cdc1c49f19bc735b2898efca7,0.507,,,
599,2026-08-03,SZ302132,0.00668791483833987,EXP_DEnsembleModel_Alpha158_csi300_custom_step0_s_20260803_15,5000e8cc2a094f14adeb6094093ef883,0.493,,,
